id,university_major_base_id,discipline_tag_id
20001,20001,20092
20002,20785,20056
20003,21013,20056
20004,21082,20056
20005,22304,20056
20006,23909,20056
20007,20786,20056
20008,20786,20055
20009,20002,20056
20010,20448,20056
20011,20820,20056
20012,20923,20056
20013,21173,20056
20014,21279,20056
20015,21337,20056
20016,22401,20056
20017,22581,20056
20018,22842,20056
20019,22903,20056
20020,22948,20056
20021,23092,20056
20022,23325,20056
20023,23436,20056
20024,23591,20056
20025,23910,20056
20026,23934,20056
20027,24012,20056
20028,20663,20056
20029,20663,20051
20030,20106,20056
20031,20156,20056
20032,20289,20056
20033,20566,20056
20034,20664,20056
20035,21453,20056
20036,21593,20056
20037,21841,20056
20038,23326,20056
20039,23437,20056
20040,23486,20056
20041,23702,20056
20042,24028,20056
20043,24063,20056
20044,20106,20055
20045,20156,20055
20046,20289,20055
20047,20566,20055
20048,20664,20055
20049,21453,20055
20050,21593,20055
20051,21841,20055
20052,23326,20055
20053,23437,20055
20054,23486,20055
20055,23702,20055
20056,24028,20055
20057,24063,20055
20058,20567,20056
20059,21594,20056
20060,23438,20056
20061,23703,20056
20062,20567,20052
20063,21594,20052
20064,23438,20052
20065,23703,20052
20066,20107,20027
20067,22212,20027
20068,22305,20027
20069,22518,20027
20070,23935,20027
20071,20449,20027
20072,20449,20025
20073,20365,20027
20074,20568,20027
20075,20157,20032
20076,20450,20032
20077,20569,20032
20078,22649,20032
20079,21246,20087
20080,23936,20087
20081,24013,20087
20082,20158,20087
20083,21174,20101
20084,20108,20020
20085,20366,20020
20086,20451,20020
20087,21175,20020
20088,21454,20020
20089,21595,20020
20090,21843,20020
20091,22058,20020
20092,22306,20020
20093,23020,20020
20094,23166,20020
20095,23487,20020
20096,23938,20020
20097,20452,20020
20098,21176,20083
20099,21280,20083
20100,20821,20083
20101,20924,20083
20102,22770,20083
20103,20003,20038
20104,22583,20038
20105,20003,20051
20106,22583,20051
20107,20004,20038
20108,20004,20051
20109,20290,20038
20110,20290,20051
20111,21083,20038
20112,21083,20033
20113,21083,20051
20114,20005,20038
20115,23559,20038
20116,20006,20038
20117,20006,20040
20118,21084,20038
20119,21338,20038
20120,20007,20038
20121,20007,20040
20122,20291,20038
20123,21014,20038
20124,21339,20038
20125,22062,20038
20126,22584,20038
20127,20292,20038
20128,20292,20051
20129,20159,20010
20130,20159,20008
20131,20570,20077
20132,20453,20083
20133,20571,20083
20134,21177,20083
20135,22309,20083
20136,22403,20083
20137,22772,20083
20138,20008,20003
20139,21845,20003
20140,20008,20030
20141,21845,20030
20142,20454,20077
20143,20665,20077
20144,21456,20077
20145,21596,20077
20146,21846,20077
20147,22067,20077
20148,22406,20077
20149,23327,20077
20150,23439,20077
20151,20293,20077
20152,20455,20077
20153,20666,20077
20154,21457,20077
20155,21847,20077
20156,22068,20077
20157,23440,20077
20158,20456,20077
20159,22069,20077
20160,20667,20043
20161,21340,20043
20162,20160,20043
20163,20787,20043
20164,20294,20043
20165,21341,20043
20166,22070,20043
20167,23562,20043
20168,21085,20043
20169,20161,20096
20170,22651,20096
20171,20009,20079
20172,20367,20079
20173,20668,20079
20174,20822,20079
20175,20861,20079
20176,20925,20079
20177,21015,20079
20178,21086,20079
20179,21178,20079
20180,21281,20079
20181,21342,20079
20182,21597,20079
20183,22310,20079
20184,22409,20079
20185,22519,20079
20186,22586,20079
20187,22773,20079
20188,22950,20079
20189,23023,20079
20190,23093,20079
20191,23441,20079
20192,23593,20079
20193,20368,20079
20194,20368,20077
20195,20369,20079
20196,20369,20064
20197,20370,20079
20198,20370,20076
20199,20371,20079
20200,20371,20061
20201,21087,20090
20202,20862,20007
20203,20162,20007
20204,20010,20082
20205,20788,20025
20206,21343,20025
20207,22520,20025
20208,22587,20025
20209,22775,20025
20210,22904,20025
20211,23094,20025
20212,23864,20025
20213,24040,20025
20214,20372,20025
20215,20372,20001
20216,20926,20001
20217,22521,20001
20218,23594,20001
20219,24041,20001
20220,20669,20080
20221,22951,20080
20222,20457,20074
20223,20670,20074
20224,20670,20083
20225,20458,20074
20226,20671,20074
20227,20458,20061
20228,20671,20061
20229,20459,20074
20230,20459,20083
20231,20672,20077
20232,20011,20077
20233,20295,20077
20234,20373,20077
20235,20460,20077
20236,20673,20077
20237,21848,20077
20238,22071,20077
20239,22213,20077
20240,22412,20077
20241,22522,20077
20242,23329,20077
20243,23442,20077
20244,20461,20077
20245,20674,20077
20246,21600,20077
20247,20461,20079
20248,20674,20079
20249,21600,20079
20250,20374,20077
20251,20462,20077
20252,22074,20077
20253,20375,20077
20254,20675,20077
20255,20675,20059
20256,20572,20077
20257,20572,20079
20258,21344,20016
20259,21345,20068
20260,21088,20016
20261,21851,20016
20262,23168,20016
20263,23251,20016
20264,23331,20016
20265,20012,20068
20266,20163,20068
20267,20296,20068
20268,20376,20068
20269,20463,20068
20270,21852,20068
20271,22076,20068
20272,22952,20068
20273,23169,20068
20274,23252,20068
20275,23595,20068
20276,23706,20068
20277,20297,20068
20278,20297,20069
20279,20823,20093
20280,21016,20093
20281,21089,20093
20282,21282,20093
20283,22312,20093
20284,22776,20093
20285,22905,20093
20286,22953,20093
20287,23096,20093
20288,20863,20093
20289,20863,20097
20290,20824,20077
20291,20864,20077
20292,20927,20077
20293,21179,20077
20294,21247,20077
20295,22414,20077
20296,22588,20077
20297,22777,20077
20298,22844,20077
20299,22955,20077
20300,23025,20077
20301,23097,20077
20302,23596,20077
20303,20164,20077
20304,20676,20077
20305,21346,20077
20306,20676,20079
20307,21346,20079
20308,20677,20077
20309,20677,20079
20310,20678,20077
20311,20678,20079
20312,20678,20104
20313,20679,20077
20314,20679,20079
20315,20679,20105
20316,20680,20077
20317,20680,20079
20318,20680,20088
20319,20681,20077
20320,20681,20079
20321,20013,20010
20322,21347,20010
20323,21348,20010
20324,20014,20083
20325,20928,20083
20326,22415,20083
20327,22589,20083
20328,22845,20083
20329,23098,20083
20330,23597,20083
20331,20865,20005
20332,20866,20106
20333,23099,20106
20334,20929,20107
20335,20377,20024
20336,21349,20083
20337,20015,20108
20338,20165,20055
20339,23911,20055
20340,20109,20055
20341,21283,20033
20342,20298,20003
20343,20378,20003
20344,20464,20003
20345,20573,20003
20346,20682,20003
20347,20930,20003
20348,21017,20003
20349,21180,20003
20350,21248,20003
20351,21350,20003
20352,21460,20003
20353,21601,20003
20354,21768,20003
20355,21854,20003
20356,22078,20003
20357,22216,20003
20358,22317,20003
20359,22590,20003
20360,22654,20003
20361,22779,20003
20362,22847,20003
20363,22906,20003
20364,22956,20003
20365,23171,20003
20366,23254,20003
20367,23333,20003
20368,23443,20003
20369,23489,20003
20370,23707,20003
20371,23940,20003
20372,23995,20003
20373,21090,20003
20374,21090,20001
20375,20016,20003
20376,20825,20003
20377,21091,20003
20378,22417,20003
20379,23026,20003
20380,20017,20003
20381,20017,20033
20382,20018,20003
20383,20867,20023
20384,20931,20023
20385,21092,20023
20386,23941,20023
20387,21181,20030
20388,21093,20030
20389,21284,20109
20390,21351,20109
20391,23942,20109
20392,20683,20003
20393,21094,20003
20394,21094,20008
20395,20379,20003
20396,20574,20003
20397,20684,20003
20398,21018,20003
20399,21461,20003
20400,21855,20003
20401,22318,20003
20402,22526,20003
20403,22591,20003
20404,22656,20003
20405,22848,20003
20406,22957,20003
20407,23027,20003
20408,23172,20003
20409,23255,20003
20410,23334,20003
20411,23444,20003
20412,23490,20003
20413,23598,20003
20414,23996,20003
20415,21019,20003
20416,21019,20075
20417,20166,20003
20418,20299,20003
20419,20465,20003
20420,20789,20003
20421,20826,20003
20422,20868,20003
20423,20932,20003
20424,21095,20003
20425,21182,20003
20426,21249,20003
20427,21285,20003
20428,21604,20003
20429,22081,20003
20430,22217,20003
20431,22418,20003
20432,22780,20003
20433,22907,20003
20434,23101,20003
20435,23256,20003
20436,23708,20003
20437,23879,20003
20438,23997,20003
20439,20466,20003
20440,20467,20003
20441,20468,20003
20442,20110,20023
20443,20019,20023
20444,20167,20023
20445,21183,20023
20446,21286,20023
20447,21769,20023
20448,22319,20023
20449,22419,20023
20450,22527,20023
20451,22657,20023
20452,22849,20023
20453,22958,20023
20454,23028,20023
20455,23102,20023
20456,23173,20023
20457,23491,20023
20458,23564,20023
20459,23599,20023
20460,23943,20023
20461,24042,20023
20462,24056,20023
20463,20300,20030
20464,20168,20030
20465,20380,20030
20466,21352,20030
20467,21462,20030
20468,23174,20030
20469,23492,20030
20470,23600,20030
20471,23710,20030
20472,23944,20030
20473,23998,20030
20474,20301,20030
20475,20469,20030
20476,21287,20030
20477,21605,20030
20478,21856,20030
20479,22218,20030
20480,22658,20030
20481,23257,20030
20482,23335,20030
20483,20575,20030
20484,23711,20030
20485,21096,20003
20486,21184,20003
20487,21184,20026
20488,21184,20035
20489,21184,20109
20490,20470,20023
20491,22082,20023
20492,22219,20023
20493,23912,20023
20494,23945,20023
20495,23999,20023
20496,20020,20003
20497,21097,20003
20498,20381,20088
20499,20685,20051
20500,20827,20051
20501,20869,20051
20502,22321,20051
20503,22529,20051
20504,22593,20051
20505,21020,20051
20506,21098,20051
20507,21250,20051
20508,22782,20051
20509,22909,20051
20510,23029,20051
20511,23103,20051
20512,23880,20051
20513,23913,20051
20514,24029,20051
20515,24037,20051
20516,20021,20110
20517,20686,20110
20518,20933,20110
20519,21099,20110
20520,21606,20110
20521,22421,20110
20522,22594,20110
20523,22850,20110
20524,23601,20110
20525,23712,20110
20526,23914,20110
20527,20576,20110
20528,20576,20052
20529,20687,20051
20530,20687,20070
20531,20169,20051
20532,20577,20051
20533,20169,20111
20534,20577,20111
20535,20688,20051
20536,20688,20058
20537,20689,20051
20538,21607,20051
20539,21770,20051
20540,22220,20051
20541,23445,20051
20542,20689,20052
20543,21607,20052
20544,21770,20052
20545,22220,20052
20546,23445,20052
20547,20170,20051
20548,20170,20054
20549,20790,20053
20550,20382,20050
20551,20578,20050
20552,20690,20050
20553,20934,20050
20554,21775,20050
20555,21858,20050
20556,22659,20050
20557,23258,20050
20558,23713,20050
20559,21021,20075
20560,20579,20055
20561,20579,20047
20562,20580,20055
20563,20580,20052
20564,20581,20053
20565,21022,20053
20566,21100,20053
20567,22422,20053
20568,20383,20053
20569,23865,20053
20570,23946,20053
20571,20022,20058
20572,20791,20058
20573,22423,20058
20574,20023,20052
20575,20111,20052
20576,20171,20052
20577,20302,20052
20578,20384,20052
20579,20582,20052
20580,21463,20052
20581,21859,20052
20582,22667,20052
20583,23175,20052
20584,23259,20052
20585,23336,20052
20586,23494,20052
20587,23714,20052
20588,24067,20052
20589,20172,20051
20590,23495,20051
20591,20172,20074
20592,23495,20074
20593,20112,20051
20594,20173,20051
20595,20113,20051
20596,20113,20053
20597,20113,20112
20598,20174,20080
20599,20792,20051
20600,20175,20053
20601,21185,20053
20602,20114,20051
20603,20115,20051
20604,21288,20030
20605,20793,20003
20606,21186,20003
20607,21186,20002
20608,21186,20031
20609,20024,20102
20610,20303,20102
20611,20385,20102
20612,20471,20102
20613,21101,20102
20614,21353,20102
20615,21466,20102
20616,22084,20102
20617,22324,20102
20618,22960,20102
20619,23031,20102
20620,23104,20102
20621,23178,20102
20622,23262,20102
20623,23502,20102
20624,23715,20102
20625,23947,20102
20626,24043,20102
20627,24057,20102
20628,20472,20102
20629,20025,20002
20630,20176,20002
20631,20304,20002
20632,20386,20002
20633,20473,20002
20634,20583,20002
20635,20828,20002
20636,20870,20002
20637,20935,20002
20638,21023,20002
20639,21102,20002
20640,21187,20002
20641,21251,20002
20642,21289,20002
20643,21354,20002
20644,21467,20002
20645,21611,20002
20646,21785,20002
20647,21860,20002
20648,22086,20002
20649,22222,20002
20650,22325,20002
20651,22425,20002
20652,22531,20002
20653,22597,20002
20654,22783,20002
20655,22851,20002
20656,22910,20002
20657,22961,20002
20658,23032,20002
20659,23105,20002
20660,23179,20002
20661,23263,20002
20662,23338,20002
20663,23446,20002
20664,23503,20002
20665,23603,20002
20666,24000,20002
20667,20305,20002
20668,20474,20002
20669,21787,20002
20670,20305,20030
20671,20474,20030
20672,21787,20030
20673,20584,20032
20674,20475,20032
20675,20936,20074
20676,22785,20074
20677,23106,20074
20678,23339,20074
20679,23604,20074
20680,20026,20083
20681,20829,20083
20682,21355,20083
20683,22426,20083
20684,23033,20083
20685,23181,20083
20686,23447,20083
20687,20116,20016
20688,20871,20016
20689,20306,20016
20690,20476,20016
20691,21879,20016
20692,22669,20016
20693,23185,20016
20694,23266,20016
20695,20027,20016
20696,20307,20016
20697,20387,20016
20698,20477,20016
20699,20691,20016
20700,20937,20016
20701,21103,20016
20702,21188,20016
20703,21290,20016
20704,21356,20016
20705,21470,20016
20706,21615,20016
20707,21788,20016
20708,21880,20016
20709,22087,20016
20710,22327,20016
20711,22427,20016
20712,22598,20016
20713,22787,20016
20714,22852,20016
20715,22911,20016
20716,22962,20016
20717,23034,20016
20718,23107,20016
20719,23186,20016
20720,23267,20016
20721,23341,20016
20722,23505,20016
20723,23569,20016
20724,23605,20016
20725,23867,20016
20726,23916,20016
20727,23948,20016
20728,24044,20016
20729,20478,20077
20730,20692,20077
20731,20830,20077
20732,21616,20077
20733,21881,20077
20734,22599,20077
20735,22963,20077
20736,20693,20077
20737,20693,20105
20738,20694,20077
20739,20694,20076
20740,20478,20074
20741,20692,20074
20742,20830,20074
20743,21616,20074
20744,21881,20074
20745,22599,20074
20746,22963,20074
20747,20693,20074
20748,20694,20074
20749,20695,20077
20750,20695,20074
20751,20695,20078
20752,20479,20077
20753,20831,20077
20754,20938,20077
20755,21357,20077
20756,21473,20077
20757,21617,20077
20758,21883,20077
20759,22090,20077
20760,22788,20077
20761,23108,20077
20762,23449,20077
20763,20479,20074
20764,20831,20074
20765,20938,20074
20766,21357,20074
20767,21473,20074
20768,21617,20074
20769,21883,20074
20770,22090,20074
20771,22788,20074
20772,23108,20074
20773,23449,20074
20774,20028,20077
20775,20028,20074
20776,21104,20106
20777,21885,20106
20778,23450,20106
20779,21358,20030
20780,20480,20036
20781,20480,20080
20782,20585,20080
20783,20872,20087
20784,21189,20087
20785,22328,20087
20786,22533,20087
20787,22853,20087
20788,22964,20087
20789,23109,20087
20790,23609,20087
20791,23918,20087
20792,23950,20087
20793,24038,20087
20794,20029,20087
20795,21024,20030
20796,21025,20087
20797,21291,20087
20798,22789,20087
20799,22913,20087
20800,23883,20087
20801,20117,20087
20802,20696,20087
20803,20873,20035
20804,20939,20035
20805,21292,20035
20806,20940,20073
20807,20940,20074
20808,20874,20008
20809,20177,20096
20810,20177,20097
20811,20388,20011
20812,20875,20011
20813,20941,20011
20814,21190,20011
20815,22534,20011
20816,22600,20011
20817,22791,20011
20818,22855,20011
20819,22915,20011
20820,22965,20011
20821,23036,20011
20822,23110,20011
20823,23952,20011
20824,24045,20011
20825,24058,20011
20826,20388,20014
20827,20875,20014
20828,20941,20014
20829,21190,20014
20830,22534,20014
20831,22600,20014
20832,22791,20014
20833,22855,20014
20834,22915,20014
20835,22965,20014
20836,23036,20014
20837,23110,20014
20838,23952,20014
20839,24045,20014
20840,24058,20014
20841,20876,20011
20842,20876,20097
20843,20178,20011
20844,21191,20113
20845,22330,20113
20846,23037,20113
20847,23884,20113
20848,23953,20113
20849,21191,20011
20850,22330,20011
20851,23037,20011
20852,23884,20011
20853,23953,20011
20854,21026,20113
20855,21026,20011
20856,20030,20007
20857,20118,20007
20858,20179,20007
20859,20308,20007
20860,20389,20007
20861,20481,20007
20862,20697,20007
20863,20832,20007
20864,20877,20007
20865,20942,20007
20866,21027,20007
20867,21105,20007
20868,21192,20007
20869,21252,20007
20870,21293,20007
20871,21359,20007
20872,21474,20007
20873,21625,20007
20874,21892,20007
20875,22092,20007
20876,22226,20007
20877,22331,20007
20878,22429,20007
20879,22601,20007
20880,22670,20007
20881,22792,20007
20882,22856,20007
20883,22916,20007
20884,22966,20007
20885,23038,20007
20886,23111,20007
20887,23269,20007
20888,23342,20007
20889,23451,20007
20890,23507,20007
20891,23571,20007
20892,23615,20007
20893,23725,20007
20894,23885,20007
20895,23919,20007
20896,23954,20007
20897,24026,20007
20898,24046,20007
20899,24059,20007
20900,24068,20007
20901,20943,20007
20902,20943,20009
20903,20482,20007
20904,20698,20007
20905,20944,20007
20906,22227,20007
20907,23726,20007
20908,20482,20025
20909,20698,20025
20910,20944,20025
20911,22227,20025
20912,23726,20025
20913,20119,20007
20914,20120,20007
20915,20586,20011
20916,21028,20011
20917,20587,20007
20918,20587,20011
20919,20031,20007
20920,20031,20008
20921,20390,20011
20922,20390,20113
20923,20588,20007
20924,20794,20007
20925,21789,20007
20926,22535,20007
20927,20878,20066
20928,20878,20064
20929,20032,20003
20930,20699,20003
20931,21106,20114
20932,21029,20114
20933,21360,20114
20934,22857,20114
20935,21361,20055
20936,21030,20011
20937,21030,20097
20938,20587,20097
20939,20180,20105
20940,20879,20105
20941,21107,20105
20942,21362,20105
20943,22793,20105
20944,20589,20105
20945,20700,20060
20946,20700,20008
20947,21253,20060
20948,21294,20060
20949,22859,20060
20950,23886,20060
20951,21031,20060
20952,20033,20060
20953,20121,20060
20954,20181,20060
20955,20391,20060
20956,20483,20060
20957,20701,20060
20958,20945,20060
20959,21363,20060
20960,21475,20060
20961,21627,20060
20962,21895,20060
20963,22094,20060
20964,22231,20060
20965,22431,20060
20966,22536,20060
20967,22602,20060
20968,22918,20060
20969,23188,20060
20970,23345,20060
20971,23452,20060
20972,23509,20060
20973,23617,20060
20974,23727,20060
20975,21193,20060
20976,23039,20060
20977,20392,20060
20978,23346,20060
20979,20392,20062
20980,23346,20062
20981,20122,20060
20982,20182,20060
20983,20393,20060
20984,20795,20060
20985,22095,20060
20986,23347,20060
20987,23510,20060
20988,23731,20060
20989,20183,20060
20990,20122,20084
20991,20182,20084
20992,20393,20084
20993,20795,20084
20994,22095,20084
20995,23347,20084
20996,23510,20084
20997,23731,20084
20998,20183,20084
20999,20184,20060
21000,20880,20060
21001,20880,20084
21002,21108,20038
21003,21364,20079
21004,22432,20079
21005,21365,20009
21006,20034,20009
21007,20185,20009
21008,20833,20009
21009,21032,20009
21010,21366,20009
21011,22433,20009
21012,22860,20009
21013,23732,20009
21014,23887,20009
21015,23956,20009
21016,24014,20009
21017,20881,20009
21018,20882,20098
21019,20946,20098
21020,22336,20098
21021,22537,20098
21022,22795,20098
21023,22919,20098
21024,23041,20098
21025,23618,20098
21026,20123,20008
21027,20123,20027
21028,21367,20008
21029,20035,20008
21030,20124,20008
21031,20394,20008
21032,20702,20008
21033,20796,20008
21034,21194,20008
21035,21368,20008
21036,21629,20008
21037,22337,20008
21038,22434,20008
21039,22538,20008
21040,22603,20008
21041,22968,20008
21042,23113,20008
21043,23272,20008
21044,23620,20008
21045,23733,20008
21046,24015,20008
21047,21109,20008
21048,20590,20080
21049,21110,20087
21050,20309,20087
21051,21295,20009
21052,21295,20059
21053,21369,20012
21054,21369,20087
21055,21369,20084
21056,21370,20087
21057,20186,20087
21058,21476,20087
21059,21296,20030
21060,21371,20011
21061,21371,20014
21062,20395,20104
21063,20591,20104
21064,20703,20104
21065,20947,20104
21066,23622,20104
21067,20187,20104
21068,20704,20104
21069,20484,20104
21070,20704,20088
21071,20484,20088
21072,21297,20075
21073,22437,20075
21074,23043,20075
21075,21298,20075
21076,20188,20075
21077,20485,20071
21078,20310,20071
21079,22863,20071
21080,21111,20103
21081,20592,20003
21082,20797,20003
21083,23737,20003
21084,21372,20003
21085,21372,20070
21086,20036,20047
21087,20125,20047
21088,20189,20047
21089,20311,20047
21090,20396,20047
21091,20486,20047
21092,20593,20047
21093,20705,20047
21094,20798,20047
21095,20834,20047
21096,20883,20047
21097,20948,20047
21098,21033,20047
21099,21112,20047
21100,21195,20047
21101,21254,20047
21102,21299,20047
21103,21373,20047
21104,21481,20047
21105,21630,20047
21106,21794,20047
21107,21899,20047
21108,22096,20047
21109,22235,20047
21110,22341,20047
21111,22441,20047
21112,22540,20047
21113,22605,20047
21114,22672,20047
21115,22797,20047
21116,22864,20047
21117,22920,20047
21118,22971,20047
21119,23044,20047
21120,23115,20047
21121,23191,20047
21122,23274,20047
21123,23348,20047
21124,23454,20047
21125,23512,20047
21126,23572,20047
21127,23624,20047
21128,23738,20047
21129,20397,20047
21130,21631,20047
21131,20397,20056
21132,21631,20056
21133,20312,20047
21134,20312,20052
21135,20313,20047
21136,20594,20047
21137,20706,20047
21138,21633,20047
21139,22237,20047
21140,23275,20047
21141,23513,20047
21142,23739,20047
21143,20313,20055
21144,20594,20055
21145,20706,20055
21146,21633,20055
21147,22237,20055
21148,23275,20055
21149,23513,20055
21150,23739,20055
21151,21374,20047
21152,21374,20049
21153,21375,20047
21154,21375,20065
21155,20707,20047
21156,21482,20047
21157,21636,20047
21158,21795,20047
21159,22240,20047
21160,22675,20047
21161,23193,20047
21162,20707,20061
21163,21482,20061
21164,21636,20061
21165,21795,20061
21166,22240,20061
21167,22675,20061
21168,23193,20061
21169,21376,20047
21170,21376,20062
21171,20595,20047
21172,20126,20047
21173,20595,20056
21174,20126,20056
21175,20708,20047
21176,20708,20048
21177,20596,20047
21178,20596,20008
21179,20190,20075
21180,20314,20075
21181,20487,20075
21182,20597,20075
21183,20884,20075
21184,20949,20075
21185,21034,20075
21186,21196,20075
21187,21377,20075
21188,21485,20075
21189,22103,20075
21190,22342,20075
21191,23278,20075
21192,23349,20075
21193,23625,20075
21194,20598,20075
21195,20599,20075
21196,20600,20075
21197,20191,20080
21198,20488,20080
21199,23116,20080
21200,23960,20080
21201,21113,20014
21202,21300,20014
21203,21113,20011
21204,21300,20011
21205,20037,20014
21206,20192,20014
21207,20315,20014
21208,20398,20014
21209,20489,20014
21210,21378,20014
21211,21639,20014
21212,21903,20014
21213,22104,20014
21214,23196,20014
21215,23350,20014
21216,23515,20014
21217,23626,20014
21218,20885,20014
21219,20950,20014
21220,21197,20014
21221,22105,20014
21222,22343,20014
21223,22443,20014
21224,22606,20014
21225,22798,20014
21226,22865,20014
21227,22921,20014
21228,22972,20014
21229,23045,20014
21230,23117,20014
21231,23573,20014
21232,23870,20014
21233,23961,20014
21234,24048,20014
21235,24060,20014
21236,20490,20014
21237,20709,20014
21238,22107,20014
21239,22244,20014
21240,23516,20014
21241,23574,20014
21242,23962,20014
21243,20038,20094
21244,20038,20107
21245,20316,20011
21246,23197,20011
21247,20316,20014
21248,23197,20014
21249,21301,20075
21250,22866,20075
21251,23046,20075
21252,23118,20075
21253,21198,20065
21254,21198,20092
21255,20127,20018
21256,20601,20018
21257,20602,20024
21258,20710,20024
21259,21488,20024
21260,21904,20024
21261,22246,20024
21262,23456,20024
21263,23742,20024
21264,20711,20024
21265,20712,20024
21266,20711,20112
21267,20712,20052
21268,21302,20024
21269,21641,20024
21270,21302,20095
21271,21641,20095
21272,20713,20018
21273,20835,20001
21274,22542,20001
21275,22974,20001
21276,20951,20024
21277,23629,20024
21278,20128,20024
21279,21035,20024
21280,20129,20024
21281,20130,20105
21282,20193,20105
21283,20714,20105
21284,20836,20105
21285,20886,20105
21286,20952,20105
21287,21036,20105
21288,21114,20105
21289,21199,20105
21290,21255,20105
21291,21303,20105
21292,21379,20105
21293,21643,20105
21294,22108,20105
21295,22345,20105
21296,22444,20105
21297,22543,20105
21298,22607,20105
21299,22678,20105
21300,22799,20105
21301,22867,20105
21302,22923,20105
21303,22975,20105
21304,23047,20105
21305,23119,20105
21306,23630,20105
21307,23889,20105
21308,20194,20105
21309,20715,20105
21310,20715,20087
21311,20195,20105
21312,20716,20105
21313,22679,20105
21314,20717,20105
21315,20717,20104
21316,20196,20105
21317,20718,20105
21318,20196,20088
21319,20718,20088
21320,20197,20105
21321,21645,20105
21322,22109,20105
21323,20197,20074
21324,21645,20074
21325,22109,20074
21326,20039,20105
21327,20198,20105
21328,20198,20086
21329,20199,20105
21330,21652,20105
21331,20199,20074
21332,21652,20074
21333,20200,20105
21334,20200,20075
21335,20491,20105
21336,23351,20105
21337,23743,20105
21338,20492,20105
21339,20493,20105
21340,20494,20105
21341,23352,20105
21342,20492,20074
21343,20493,20074
21344,20494,20074
21345,23352,20074
21346,20201,20105
21347,21491,20105
21348,21798,20105
21349,22248,20105
21350,23199,20105
21351,23355,20105
21352,23747,20105
21353,20202,20105
21354,20719,20058
21355,20603,20105
21356,21494,20105
21357,21802,20105
21358,23201,20105
21359,23359,20105
21360,23457,20105
21361,23519,20105
21362,23749,20105
21363,20604,20105
21364,20604,20104
21365,20605,20105
21366,20203,20105
21367,20040,20112
21368,20953,20112
21369,21200,20112
21370,21304,20112
21371,22976,20112
21372,23120,20112
21373,23963,20112
21374,21380,20070
21375,20399,20103
21376,20399,20016
21377,21381,20103
21378,21381,20018
21379,20887,20070
21380,23121,20070
21381,21115,20070
21382,20041,20103
21383,21116,20103
21384,22116,20103
21385,22347,20103
21386,22868,20103
21387,22977,20103
21388,20799,20082
21389,23363,20082
21390,20720,20071
21391,21653,20071
21392,21807,20071
21393,21906,20071
21394,22609,20071
21395,23364,20071
21396,23458,20071
21397,21037,20070
21398,20721,20070
21399,20042,20070
21400,20400,20070
21401,20495,20070
21402,21382,20070
21403,20954,20070
21404,20043,20070
21405,20204,20070
21406,20317,20070
21407,20496,20070
21408,20722,20070
21409,20800,20070
21410,20837,20070
21411,20888,20070
21412,21201,20070
21413,21256,20070
21414,21504,20070
21415,21907,20070
21416,22117,20070
21417,22249,20070
21418,22544,20070
21419,22610,20070
21420,22688,20070
21421,22800,20070
21422,23202,20070
21423,23282,20070
21424,23633,20070
21425,23751,20070
21426,20044,20070
21427,20045,20070
21428,20606,20070
21429,21117,20070
21430,21202,20070
21431,21257,20070
21432,22445,20070
21433,22611,20070
21434,22801,20070
21435,22924,20070
21436,23048,20070
21437,20838,20070
21438,21038,20070
21439,20205,20062
21440,20205,20078
21441,20205,20076
21442,21118,20079
21443,23122,20079
21444,20401,20069
21445,20206,20115
21446,20723,20003
21447,21383,20003
21448,20046,20034
21449,20724,20034
21450,20955,20034
21451,21039,20034
21452,21203,20034
21453,23049,20034
21454,23890,20034
21455,21040,20116
21456,22802,20116
21457,20207,20090
21458,20208,20090
21459,20209,20090
21460,20210,20090
21461,20497,20090
21462,20209,20051
21463,20210,20051
21464,20497,20051
21465,20211,20090
21466,20211,20054
21467,21041,20090
21468,20212,20090
21469,20498,20090
21470,20498,20052
21471,20213,20090
21472,20499,20090
21473,23965,20090
21474,20213,20054
21475,20499,20054
21476,23965,20054
21477,20318,20088
21478,20801,20088
21479,20214,20088
21480,23050,20088
21481,20318,20087
21482,20801,20087
21483,20214,20087
21484,23050,20087
21485,20607,20088
21486,22250,20088
21487,20608,20088
21488,20725,20088
21489,22118,20088
21490,20726,20088
21491,20726,20087
21492,20402,20088
21493,20889,20088
21494,20319,20088
21495,21384,20088
21496,21909,20088
21497,22448,20088
21498,22612,20088
21499,23755,20088
21500,20500,20088
21501,20501,20088
21502,20500,20105
21503,20501,20105
21504,20502,20088
21505,20502,20074
21506,20403,20088
21507,20956,20088
21508,20215,20088
21509,20957,20088
21510,20047,20055
21511,20131,20055
21512,20404,20055
21513,20802,20055
21514,20839,20055
21515,20958,20055
21516,21042,20055
21517,21119,20055
21518,21204,20055
21519,21305,20055
21520,21662,20055
21521,22351,20055
21522,22449,20055
21523,22613,20055
21524,22869,20055
21525,22978,20055
21526,23124,20055
21527,23459,20055
21528,23636,20055
21529,23757,20055
21530,23921,20055
21531,23966,20055
21532,24017,20055
21533,24031,20055
21534,20132,20055
21535,20132,20027
21536,21385,20055
21537,20048,20049
21538,20133,20049
21539,22450,20049
21540,22695,20049
21541,20216,20093
21542,22698,20093
21543,20217,20093
21544,20049,20093
21545,20959,20093
21546,23637,20093
21547,20217,20077
21548,21120,20044
21549,21120,20043
21550,21386,20033
21551,20320,20033
21552,20320,20051
21553,20405,20033
21554,22123,20033
21555,23285,20033
21556,23524,20033
21557,23638,20033
21558,23967,20033
21559,24004,20033
21560,21121,20033
21561,21043,20033
21562,20890,20074
21563,20218,20080
21564,23968,20080
21565,20891,20059
21566,20960,20059
21567,21205,20059
21568,21122,20103
21569,21123,20103
21570,21124,20103
21571,21123,20016
21572,21125,20074
21573,21206,20074
21574,21913,20074
21575,22352,20074
21576,22546,20074
21577,22615,20074
21578,22803,20074
21579,22870,20074
21580,22925,20074
21581,23051,20074
21582,23125,20074
21583,23368,20074
21584,23639,20074
21585,20840,20074
21586,20961,20074
21587,21044,20074
21588,22453,20074
21589,22979,20074
21590,20219,20074
21591,20220,20074
21592,23375,20074
21593,20050,20083
21594,21387,20083
21595,22127,20083
21596,23759,20083
21597,20221,20074
21598,20051,20001
21599,20222,20087
21600,20223,20095
21601,20224,20095
21602,20223,20097
21603,20224,20097
21604,20052,20091
21605,21388,20091
21606,22454,20091
21607,23126,20091
21608,23640,20091
21609,21306,20083
21610,20053,20030
21611,20503,20030
21612,21389,20030
21613,21809,20030
21614,22128,20030
21615,22251,20030
21616,22616,20030
21617,23287,20030
21618,24005,20030
21619,21307,20030
21620,20054,20002
21621,20962,20113
21622,20225,20082
21623,20321,20082
21624,20406,20082
21625,20504,20082
21626,20609,20082
21627,20727,20082
21628,20892,20082
21629,20963,20082
21630,21045,20082
21631,21506,20082
21632,21663,20082
21633,21810,20082
21634,21926,20082
21635,22129,20082
21636,22355,20082
21637,22456,20082
21638,22617,20082
21639,22700,20082
21640,22804,20082
21641,22871,20082
21642,23052,20082
21643,23205,20082
21644,23288,20082
21645,23461,20082
21646,23642,20082
21647,23772,20082
21648,21126,20082
21649,20322,20082
21650,21928,20082
21651,22704,20082
21652,23206,20082
21653,20728,20082
21654,20728,20113
21655,20610,20082
21656,20610,20065
21657,21390,20082
21658,21390,20070
21659,21207,20082
21660,21207,20113
21661,20055,20004
21662,20729,20004
21663,20893,20004
21664,20964,20004
21665,21046,20004
21666,21127,20004
21667,21391,20004
21668,21508,20004
21669,21665,20004
21670,21811,20004
21671,21929,20004
21672,23291,20004
21673,23376,20004
21674,23462,20004
21675,21392,20004
21676,21393,20004
21677,22457,20004
21678,21393,20001
21679,22457,20001
21680,21394,20004
21681,21394,20077
21682,20611,20004
21683,20611,20082
21684,20612,20001
21685,21931,20001
21686,21395,20004
21687,22872,20004
21688,20965,20074
21689,21047,20074
21690,21128,20074
21691,21932,20074
21692,22131,20074
21693,22356,20074
21694,22618,20074
21695,22805,20074
21696,23054,20074
21697,23129,20074
21698,23377,20074
21699,23643,20074
21700,20056,20083
21701,20841,20083
21702,21396,20083
21703,23774,20083
21704,20894,20061
21705,21258,20087
21706,20057,20051
21707,20613,20087
21708,21259,20079
21709,20505,20065
21710,20614,20065
21711,22252,20065
21712,20615,20065
21713,20616,20065
21714,20617,20065
21715,20618,20065
21716,20619,20065
21717,20323,20061
21718,20730,20061
21719,20506,20084
21720,20966,20084
21721,22358,20084
21722,23055,20084
21723,20895,20061
21724,21048,20087
21725,20226,20097
21726,21129,20097
21727,21260,20097
21728,22710,20097
21729,22982,20097
21730,24035,20097
21731,21208,20074
21732,20896,20030
21733,20896,20051
21734,20227,20034
21735,21308,20030
21736,21308,20052
21737,20897,20030
21738,21049,20030
21739,20897,20008
21740,21049,20008
21741,21049,20052
21742,21209,20030
21743,21209,20052
21744,21050,20075
21745,20967,20030
21746,23892,20030
21747,21210,20030
21748,22551,20030
21749,20228,20030
21750,20507,20030
21751,20058,20077
21752,20134,20077
21753,20229,20077
21754,20407,20077
21755,20508,20077
21756,20620,20077
21757,20731,20077
21758,20842,20077
21759,20898,20077
21760,20968,20077
21761,21051,20077
21762,21130,20077
21763,21211,20077
21764,21261,20077
21765,21309,20077
21766,21397,20077
21767,21511,20077
21768,21666,20077
21769,22136,20077
21770,22254,20077
21771,22359,20077
21772,22460,20077
21773,22552,20077
21774,22620,20077
21775,22711,20077
21776,22807,20077
21777,22874,20077
21778,22926,20077
21779,22983,20077
21780,23056,20077
21781,23130,20077
21782,23208,20077
21783,23384,20077
21784,23465,20077
21785,23650,20077
21786,23786,20077
21787,23893,20077
21788,20732,20077
21789,20733,20077
21790,20734,20077
21791,20734,20051
21792,20621,20077
21793,20621,20088
21794,20735,20077
21795,20735,20082
21796,20230,20077
21797,20408,20077
21798,20736,20077
21799,22712,20077
21800,23787,20077
21801,20230,20064
21802,20408,20064
21803,20736,20064
21804,22712,20064
21805,23787,20064
21806,20409,20077
21807,21513,20077
21808,22140,20077
21809,22257,20077
21810,22713,20077
21811,23788,20077
21812,21398,20077
21813,20409,20076
21814,21513,20076
21815,22140,20076
21816,22257,20076
21817,22713,20076
21818,23788,20076
21819,21398,20076
21820,20231,20077
21821,20410,20077
21822,20622,20077
21823,20737,20077
21824,21514,20077
21825,22141,20077
21826,22258,20077
21827,22714,20077
21828,23789,20077
21829,20231,20061
21830,20410,20061
21831,20622,20061
21832,20737,20061
21833,21514,20061
21834,22141,20061
21835,22258,20061
21836,22714,20061
21837,23789,20061
21838,20411,20077
21839,20411,20084
21840,20059,20077
21841,20509,20077
21842,20623,20077
21843,21516,20077
21844,21673,20077
21845,21812,20077
21846,22142,20077
21847,22259,20077
21848,20624,20077
21849,21131,20046
21850,20412,20030
21851,21816,20030
21852,20232,20030
21853,20899,20116
21854,21052,20116
21855,21132,20116
21856,20233,20082
21857,22553,20082
21858,23386,20082
21859,23791,20082
21860,20324,20033
21861,20234,20030
21862,22927,20030
21863,20060,20111
21864,20235,20111
21865,20803,20111
21866,21310,20111
21867,22876,20111
21868,22985,20111
21869,23293,20111
21870,23922,20111
21871,23970,20111
21872,24018,20111
21873,20061,20030
21874,20738,20030
21875,21518,20030
21876,20061,20036
21877,20062,20030
21878,20062,20008
21879,20063,20083
21880,20236,20096
21881,21399,20087
21882,20510,20030
21883,21311,20030
21884,21817,20030
21885,20511,20030
21886,20064,20083
21887,21400,20083
21888,20065,20083
21889,21401,20083
21890,22464,20083
21891,21312,20021
21892,20969,20021
21893,21133,20021
21894,22360,20021
21895,22987,20021
21896,23971,20021
21897,24052,20021
21898,20970,20113
21899,21053,20113
21900,21313,20113
21901,22877,20113
21902,23131,20113
21903,23653,20113
21904,20900,20113
21905,22878,20113
21906,23923,20113
21907,20512,20053
21908,21134,20112
21909,21402,20112
21910,20066,20004
21911,20066,20117
21912,20237,20030
21913,20237,20085
21914,20901,20083
21915,21054,20083
21916,22363,20083
21917,22879,20083
21918,23894,20083
21919,20238,20119
21920,21055,20119
21921,21135,20119
21922,21262,20119
21923,22811,20119
21924,20135,20118
21925,20971,20118
21926,21056,20118
21927,21212,20118
21928,21403,20118
21929,21519,20118
21930,21953,20118
21931,22471,20118
21932,22720,20118
21933,22880,20118
21934,23294,20118
21935,23655,20118
21936,23857,20118
21937,23924,20118
21938,23973,20118
21939,24019,20118
21940,20239,20118
21941,20625,20118
21942,21681,20118
21943,23209,20118
21944,23525,20118
21945,23792,20118
21946,20513,20118
21947,20513,20055
21948,20513,20047
21949,20067,20009
21950,21404,20065
21951,23297,20065
21952,20514,20065
21953,20240,20115
21954,20515,20118
21955,22146,20118
21956,23793,20118
21957,20136,20061
21958,20137,20061
21959,20804,20061
21960,20138,20061
21961,20136,20047
21962,20138,20084
21963,20241,20064
21964,20325,20064
21965,20626,20064
21966,20739,20064
21967,20843,20064
21968,21263,20064
21969,21405,20064
21970,21524,20064
21971,21954,20064
21972,22263,20064
21973,22472,20064
21974,22812,20064
21975,22881,20064
21976,23298,20064
21977,23466,20064
21978,23529,20064
21979,20413,20064
21980,20242,20064
21981,21955,20064
21982,20242,20074
21983,21955,20074
21984,20628,20064
21985,20628,20077
21986,20414,20064
21987,20627,20064
21988,22727,20064
21989,23210,20064
21990,20414,20061
21991,20627,20061
21992,22727,20061
21993,23210,20061
21994,20243,20064
21995,20243,20074
21996,21136,20079
21997,21213,20079
21998,21314,20079
21999,22556,20079
22000,22928,20079
22001,23060,20079
22002,23132,20079
22003,20244,20089
22004,23530,20089
22005,20139,20055
22006,20972,20074
22007,22365,20074
22008,22627,20074
22009,22813,20074
22010,23389,20074
22011,20068,20083
22012,20844,20083
22013,21406,20083
22014,21962,20083
22015,22473,20083
22016,22929,20083
22017,20973,20074
22018,22814,20074
22019,23133,20074
22020,23657,20074
22021,20069,20083
22022,20974,20083
22023,21407,20083
22024,22474,20083
22025,23211,20083
22026,23467,20083
22027,20975,20083
22028,22366,20083
22029,20140,20086
22030,20976,20086
22031,21057,20086
22032,21264,20086
22033,21408,20086
22034,22815,20086
22035,22930,20086
22036,23974,20086
22037,20805,20086
22038,23213,20086
22039,20326,20086
22040,20141,20086
22041,20326,20087
22042,20141,20061
22043,20141,20077
22044,20902,20034
22045,21137,20034
22046,21315,20034
22047,22557,20034
22048,22816,20034
22049,22931,20034
22050,22991,20034
22051,20070,20083
22052,22476,20083
22053,23214,20083
22054,20977,20084
22055,20071,20068
22056,22368,20068
22057,23216,20068
22058,23580,20068
22059,20978,20074
22060,22478,20074
22061,23660,20074
22062,20979,20083
22063,20142,20058
22064,20245,20058
22065,20327,20058
22066,20415,20058
22067,20516,20058
22068,20629,20058
22069,20740,20058
22070,20806,20058
22071,21265,20058
22072,21530,20058
22073,21686,20058
22074,21972,20058
22075,22150,20058
22076,22266,20058
22077,22729,20058
22078,23217,20058
22079,23299,20058
22080,23398,20058
22081,23468,20058
22082,23531,20058
22083,23581,20058
22084,23661,20058
22085,23794,20058
22086,20072,20058
22087,20630,20058
22088,20741,20058
22089,20517,20058
22090,20631,20058
22091,21532,20058
22092,23532,20058
22093,23795,20058
22094,20632,20058
22095,20518,20058
22096,20416,20058
22097,20519,20058
22098,23796,20058
22099,21214,20051
22100,21215,20051
22101,21214,20111
22102,21215,20080
22103,21058,20058
22104,23896,20058
22105,20520,20081
22106,20633,20081
22107,20742,20081
22108,21690,20081
22109,22153,20081
22110,22731,20081
22111,23469,20081
22112,21138,20081
22113,22819,20081
22114,22883,20081
22115,23062,20081
22116,20521,20030
22117,20522,20030
22118,20073,20074
22119,20980,20074
22120,21409,20074
22121,22268,20074
22122,22479,20074
22123,22559,20074
22124,22629,20074
22125,23135,20074
22126,23662,20074
22127,23797,20074
22128,20246,20074
22129,20246,20105
22130,20247,20074
22131,20247,20064
22132,20634,20073
22133,20634,20077
22134,21216,20030
22135,20074,20052
22136,20523,20052
22137,20807,20052
22138,20981,20052
22139,21059,20052
22140,21139,20052
22141,21316,20052
22142,21410,20052
22143,22154,20052
22144,22369,20052
22145,22885,20052
22146,22993,20052
22147,23136,20052
22148,23664,20052
22149,23926,20052
22150,24020,20052
22151,20248,20083
22152,21140,20120
22153,22155,20120
22154,20075,20022
22155,21411,20117
22156,20076,20117
22157,20328,20117
22158,20417,20117
22159,20743,20117
22160,20808,20117
22161,21979,20117
22162,22886,20117
22163,21411,20043
22164,20329,20022
22165,20077,20117
22166,20744,20117
22167,22481,20117
22168,23063,20117
22169,23666,20117
22170,24006,20117
22171,20635,20117
22172,21141,20117
22173,20330,20117
22174,20078,20054
22175,20249,20054
22176,20331,20054
22177,20809,20054
22178,20845,20054
22179,20982,20054
22180,21060,20054
22181,21142,20054
22182,21217,20054
22183,21317,20054
22184,21412,20054
22185,21691,20054
22186,21981,20054
22187,22270,20054
22188,22370,20054
22189,22482,20054
22190,22631,20054
22191,22887,20054
22192,22994,20054
22193,23137,20054
22194,23667,20054
22195,23804,20054
22196,23927,20054
22197,23976,20054
22198,24021,20054
22199,24032,20054
22200,20332,20054
22201,20636,20054
22202,20745,20054
22203,23470,20054
22204,20332,20052
22205,20636,20052
22206,20745,20052
22207,23470,20052
22208,21061,20087
22209,20983,20087
22210,21318,20019
22211,20524,20019
22212,21536,20019
22213,22371,20019
22214,23219,20019
22215,23300,20019
22216,24053,20019
22217,20525,20019
22218,20526,20019
22219,20527,20019
22220,20528,20019
22221,20529,20019
22222,20530,20019
22223,21413,20025
22224,21413,20007
22225,20984,20050
22226,20985,20047
22227,20985,20048
22228,20986,20055
22229,21414,20025
22230,22888,20025
22231,20143,20025
22232,20250,20025
22233,20334,20025
22234,20418,20025
22235,20531,20025
22236,20637,20025
22237,20746,20025
22238,20810,20025
22239,20846,20025
22240,20903,20025
22241,20987,20025
22242,21062,20025
22243,21143,20025
22244,21218,20025
22245,21266,20025
22246,21319,20025
22247,21538,20025
22248,21692,20025
22249,21819,20025
22250,21983,20025
22251,22157,20025
22252,22271,20025
22253,22372,20025
22254,22484,20025
22255,22560,20025
22256,22632,20025
22257,22733,20025
22258,22820,20025
22259,22932,20025
22260,22995,20025
22261,23065,20025
22262,23138,20025
22263,23220,20025
22264,23402,20025
22265,23471,20025
22266,23534,20025
22267,23668,20025
22268,23807,20025
22269,23898,20025
22270,20335,20025
22271,20335,20056
22272,20419,20025
22273,21539,20025
22274,21693,20025
22275,21984,20025
22276,22272,20025
22277,22996,20025
22278,20747,20025
22279,20419,20007
22280,21539,20007
22281,21693,20007
22282,21984,20007
22283,22272,20007
22284,22996,20007
22285,20747,20008
22286,20336,20025
22287,21985,20025
22288,22158,20025
22289,22735,20025
22290,20336,20047
22291,21985,20047
22292,22158,20047
22293,22735,20047
22294,20144,20025
22295,22273,20025
22296,20144,20055
22297,22273,20055
22298,20532,20025
22299,21541,20025
22300,21694,20025
22301,21986,20025
22302,23221,20025
22303,23808,20025
22304,20532,20076
22305,21541,20076
22306,21694,20076
22307,21986,20076
22308,23221,20076
22309,23808,20076
22310,20533,20025
22311,20748,20025
22312,21695,20025
22313,21820,20025
22314,22275,20025
22315,22737,20025
22316,23535,20025
22317,20533,20001
22318,20748,20001
22319,21695,20001
22320,21820,20001
22321,22275,20001
22322,22737,20001
22323,23535,20001
22324,20079,20025
22325,20337,20025
22326,20534,20025
22327,21821,20025
22328,21987,20025
22329,22276,20025
22330,23222,20025
22331,23472,20025
22332,20420,20025
22333,20079,20026
22334,20337,20026
22335,20534,20026
22336,21821,20026
22337,21987,20026
22338,22276,20026
22339,23222,20026
22340,23472,20026
22341,20420,20026
22342,20420,20028
22343,20749,20025
22344,20338,20025
22345,20145,20025
22346,20750,20025
22347,20339,20025
22348,20421,20025
22349,20535,20025
22350,20751,20025
22351,21988,20025
22352,20146,20025
22353,20752,20025
22354,20147,20013
22355,20080,20013
22356,20251,20013
22357,20340,20013
22358,20422,20013
22359,20536,20013
22360,20753,20013
22361,20904,20013
22362,20988,20013
22363,21144,20013
22364,21219,20013
22365,21320,20013
22366,21415,20013
22367,21543,20013
22368,21699,20013
22369,21823,20013
22370,21990,20013
22371,22159,20013
22372,22373,20013
22373,22485,20013
22374,22633,20013
22375,22739,20013
22376,22821,20013
22377,22889,20013
22378,22933,20013
22379,23066,20013
22380,23223,20013
22381,23404,20013
22382,23536,20013
22383,23582,20013
22384,23669,20013
22385,23811,20013
22386,23875,20013
22387,23928,20013
22388,23978,20013
22389,24054,20013
22390,24061,20013
22391,20537,20013
22392,20538,20013
22393,22486,20013
22394,23812,20013
22395,20538,20108
22396,22486,20108
22397,23812,20108
22398,21416,20087
22399,20148,20087
22400,22487,20087
22401,23537,20087
22402,20847,20087
22403,23405,20087
22404,21267,20087
22405,21267,20088
22406,20149,20087
22407,20638,20087
22408,23899,20087
22409,20341,20087
22410,20539,20003
22411,21545,20003
22412,20754,20030
22413,20905,20030
22414,21220,20030
22415,20540,20030
22416,20755,20030
22417,21221,20030
22418,21417,20030
22419,21321,20084
22420,20252,20002
22421,20252,20031
22422,20423,20002
22423,21994,20002
22424,22489,20002
22425,23306,20002
22426,23409,20002
22427,23538,20002
22428,23672,20002
22429,20253,20032
22430,20541,20032
22431,20639,20032
22432,22741,20032
22433,21145,20090
22434,21145,20051
22435,21222,20106
22436,20424,20003
22437,20542,20003
22438,20640,20003
22439,21146,20003
22440,21826,20003
22441,22162,20003
22442,22375,20003
22443,22490,20003
22444,22635,20003
22445,22742,20003
22446,23307,20003
22447,23539,20003
22448,23980,20003
22449,24007,20003
22450,20081,20003
22451,21418,20003
22452,24008,20003
22453,20081,20030
22454,21418,20030
22455,24008,20030
22456,20254,20003
22457,20756,20083
22458,23140,20083
22459,20543,20083
22460,21063,20075
22461,20425,20032
22462,20641,20032
22463,22163,20032
22464,23540,20032
22465,21419,20004
22466,20082,20121
22467,21420,20121
22468,23141,20121
22469,21421,20083
22470,22491,20083
22471,20642,20077
22472,20544,20074
22473,20544,20051
22474,21064,20003
22475,21827,20003
22476,20545,20003
22477,22743,20003
22478,23981,20003
22479,24009,20003
22480,20643,20003
22481,20643,20030
22482,21422,20003
22483,20083,20003
22484,21422,20023
22485,20083,20030
22486,20255,20086
22487,20084,20094
22488,20848,20094
22489,20906,20094
22490,20989,20094
22491,21065,20094
22492,21147,20094
22493,21223,20094
22494,21322,20094
22495,21423,20094
22496,21554,20094
22497,21702,20094
22498,21998,20094
22499,22169,20094
22500,22280,20094
22501,22377,20094
22502,22493,20094
22503,22823,20094
22504,22934,20094
22505,22998,20094
22506,23069,20094
22507,23226,20094
22508,23411,20094
22509,23473,20094
22510,23673,20094
22511,20426,20094
22512,20426,20107
22513,20256,20094
22514,20427,20094
22515,21066,20075
22516,22935,20075
22517,20085,20094
22518,20428,20094
22519,20150,20094
22520,20086,20094
22521,21148,20094
22522,23674,20094
22523,20151,20094
22524,21323,20094
22525,23542,20094
22526,21323,20104
22527,23542,20104
22528,21149,20070
22529,20757,20006
22530,22172,20006
22531,23308,20006
22532,23474,20006
22533,23817,20006
22534,20342,20022
22535,20087,20036
22536,20546,20036
22537,20758,20036
22538,20849,20036
22539,20907,20036
22540,20990,20036
22541,21224,20036
22542,21324,20036
22543,21710,20036
22544,21828,20036
22545,22173,20036
22546,22380,20036
22547,22494,20036
22548,22745,20036
22549,23000,20036
22550,23309,20036
22551,23412,20036
22552,23984,20036
22553,21424,20036
22554,23070,20036
22555,21150,20015
22556,23818,20015
22557,21225,20023
22558,20759,20032
22559,20908,20032
22560,21325,20032
22561,21555,20032
22562,22008,20032
22563,22174,20032
22564,22283,20032
22565,22936,20032
22566,23071,20032
22567,23143,20032
22568,23675,20032
22569,23901,20032
22570,23986,20032
22571,20760,20033
22572,21151,20033
22573,22175,20033
22574,23310,20033
22575,23544,20033
22576,21226,20033
22577,22176,20033
22578,22824,20033
22579,23545,20033
22580,20343,20033
22581,21425,20033
22582,21067,20062
22583,20644,20037
22584,22009,20037
22585,21152,20117
22586,20547,20037
22587,23413,20037
22588,21426,20077
22589,21427,20077
22590,21711,20077
22591,20088,20030
22592,21428,20122
22593,23987,20122
22594,20429,20031
22595,20429,20023
22596,20430,20031
22597,22177,20031
22598,23072,20031
22599,20089,20031
22600,20344,20031
22601,20548,20031
22602,21712,20031
22603,21829,20031
22604,22012,20031
22605,22178,20031
22606,22496,20031
22607,22746,20031
22608,23311,20031
22609,23678,20031
22610,20645,20031
22611,20345,20031
22612,20431,20031
22613,20549,20031
22614,20646,20031
22615,21557,20031
22616,22179,20031
22617,23414,20031
22618,20090,20076
22619,20257,20076
22620,20346,20076
22621,20432,20076
22622,20550,20076
22623,20647,20076
22624,20761,20076
22625,20850,20076
22626,20909,20076
22627,20991,20076
22628,21068,20076
22629,21153,20076
22630,21227,20076
22631,21268,20076
22632,21326,20076
22633,21429,20076
22634,21558,20076
22635,21713,20076
22636,22013,20076
22637,22180,20076
22638,22284,20076
22639,22383,20076
22640,22497,20076
22641,22565,20076
22642,22636,20076
22643,22747,20076
22644,22825,20076
22645,22937,20076
22646,23002,20076
22647,23073,20076
22648,23146,20076
22649,23230,20076
22650,23415,20076
22651,23475,20076
22652,23679,20076
22653,23820,20076
22654,20762,20076
22655,20762,20077
22656,20433,20076
22657,20648,20076
22658,20763,20076
22659,21718,20076
22660,22018,20076
22661,22286,20076
22662,22750,20076
22663,23821,20076
22664,20433,20061
22665,20648,20061
22666,20763,20061
22667,21718,20061
22668,22018,20061
22669,22286,20061
22670,22750,20061
22671,23821,20061
22672,20764,20076
22673,21559,20076
22674,20764,20084
22675,21559,20084
22676,20765,20076
22677,21722,20076
22678,22182,20076
22679,21228,20076
22680,20765,20078
22681,21722,20078
22682,22182,20078
22683,21228,20078
22684,20091,20076
22685,20649,20076
22686,21430,20076
22687,22183,20076
22688,22287,20076
22689,23476,20076
22690,23822,20076
22691,20091,20061
22692,20649,20061
22693,21430,20061
22694,22183,20061
22695,22287,20061
22696,23476,20061
22697,23822,20061
22698,20091,20047
22699,20649,20047
22700,21430,20047
22701,22183,20047
22702,22287,20047
22703,23476,20047
22704,23822,20047
22705,20258,20097
22706,20650,20034
22707,20651,20075
22708,21069,20075
22709,23074,20075
22710,20652,20075
22711,20652,20034
22712,20092,20001
22713,20347,20001
22714,20434,20001
22715,20551,20001
22716,20653,20001
22717,20766,20001
22718,20851,20001
22719,20910,20001
22720,20992,20001
22721,21070,20001
22722,21154,20001
22723,21229,20001
22724,21327,20001
22725,21431,20001
22726,21561,20001
22727,21723,20001
22728,21830,20001
22729,22019,20001
22730,22184,20001
22731,22289,20001
22732,22384,20001
22733,22498,20001
22734,22567,20001
22735,22754,20001
22736,22827,20001
22737,22891,20001
22738,22938,20001
22739,23003,20001
22740,23075,20001
22741,23147,20001
22742,23233,20001
22743,23312,20001
22744,23417,20001
22745,23477,20001
22746,23547,20001
22747,23680,20001
22748,23824,20001
22749,21432,20001
22750,20348,20001
22751,20435,20001
22752,20552,20001
22753,20767,20001
22754,21725,20001
22755,21831,20001
22756,22290,20001
22757,22755,20001
22758,23313,20001
22759,23825,20001
22760,20436,20001
22761,22022,20001
22762,20553,20001
22763,22190,20001
22764,20349,20030
22765,22757,20030
22766,20093,20030
22767,22499,20030
22768,23681,20030
22769,20259,20034
22770,20654,20034
22771,21566,20034
22772,22024,20034
22773,22191,20034
22774,23931,20034
22775,20333,20069
22776,20554,20069
22777,22385,20069
22778,20555,20069
22779,20556,20069
22780,20437,20069
22781,20094,20003
22782,21433,20003
22783,22192,20003
22784,20852,20061
22785,20993,20061
22786,21071,20061
22787,21155,20061
22788,21230,20061
22789,21269,20061
22790,21328,20061
22791,22386,20061
22792,22568,20061
22793,22828,20061
22794,22892,20061
22795,22939,20061
22796,23004,20061
22797,23076,20061
22798,23148,20061
22799,20095,20061
22800,20095,20064
22801,20260,20061
22802,20350,20061
22803,20438,20061
22804,20655,20061
22805,20768,20061
22806,20811,20061
22807,21434,20061
22808,21568,20061
22809,21833,20061
22810,22025,20061
22811,22292,20061
22812,22503,20061
22813,22758,20061
22814,23237,20061
22815,23314,20061
22816,23478,20061
22817,23551,20061
22818,23826,20061
22819,20351,20061
22820,20656,20061
22821,22194,20061
22822,23552,20061
22823,20351,20047
22824,20656,20047
22825,22194,20047
22826,23552,20047
22827,20769,20061
22828,20769,20082
22829,20352,20061
22830,20557,20061
22831,20770,20061
22832,21435,20061
22833,21569,20061
22834,21732,20061
22835,22195,20061
22836,22504,20061
22837,23682,20061
22838,23827,20061
22839,20352,20064
22840,20557,20064
22841,20770,20064
22842,21435,20064
22843,21569,20064
22844,21732,20064
22845,22195,20064
22846,22504,20064
22847,23682,20064
22848,23827,20064
22849,20771,20061
22850,20771,20052
22851,20261,20061
22852,21570,20061
22853,22196,20061
22854,23238,20061
22855,23420,20061
22856,20261,20076
22857,21570,20076
22858,22196,20076
22859,23238,20076
22860,23420,20076
22861,20353,20061
22862,20772,20061
22863,21736,20061
22864,21834,20061
22865,23239,20061
22866,23553,20061
22867,23828,20061
22868,20353,20084
22869,20772,20084
22870,21736,20084
22871,21834,20084
22872,23239,20084
22873,23553,20084
22874,23828,20084
22875,20439,20061
22876,20558,20061
22877,20773,20061
22878,21270,20061
22879,20773,20076
22880,21270,20076
22881,20773,20047
22882,21270,20047
22883,20994,20030
22884,20995,20030
22885,20262,20075
22886,20263,20095
22887,22762,20095
22888,23315,20095
22889,20264,20095
22890,20265,20095
22891,21835,20095
22892,22037,20095
22893,20440,20032
22894,21231,20021
22895,21436,20021
22896,22388,20021
22897,20096,20080
22898,21437,20080
22899,22505,20080
22900,20097,20080
22901,20152,20080
22902,20266,20080
22903,20354,20080
22904,20441,20080
22905,20559,20080
22906,20657,20080
22907,20774,20080
22908,20812,20080
22909,20853,20080
22910,20911,20080
22911,20996,20080
22912,21072,20080
22913,21156,20080
22914,21232,20080
22915,21271,20080
22916,21329,20080
22917,21438,20080
22918,21573,20080
22919,21739,20080
22920,22038,20080
22921,22198,20080
22922,22294,20080
22923,22389,20080
22924,22506,20080
22925,22569,20080
22926,22640,20080
22927,22763,20080
22928,22829,20080
22929,22894,20080
22930,22940,20080
22931,23005,20080
22932,23077,20080
22933,23149,20080
22934,23240,20080
22935,23316,20080
22936,23423,20080
22937,23479,20080
22938,23554,20080
22939,23687,20080
22940,23830,20080
22941,23876,20080
22942,23903,20080
22943,24039,20080
22944,20355,20080
22945,20355,20003
22946,20356,20080
22947,20356,20025
22948,20357,20080
22949,20357,20033
22950,20358,20080
22951,20358,20034
22952,20267,20080
22953,20153,20080
22954,20912,20062
22955,20098,20035
22956,20560,20035
22957,20854,20035
22958,21157,20035
22959,21233,20035
22960,21330,20035
22961,21439,20035
22962,22830,20035
22963,23078,20035
22964,21158,20062
22965,23006,20062
22966,20997,20062
22967,20997,20085
22968,21073,20087
22969,21272,20087
22970,22941,20087
22971,23988,20087
22972,20998,20087
22973,21440,20002
22974,21441,20025
22975,21159,20030
22976,21273,20030
22977,21234,20030
22978,21274,20030
22979,21160,20038
22980,21074,20089
22981,20913,20089
22982,20855,20078
22983,22642,20078
22984,20999,20078
22985,20914,20078
22986,21161,20078
22987,22390,20078
22988,22898,20078
22989,22942,20078
22990,23079,20078
22991,23152,20078
22992,20775,20018
22993,21442,20030
22994,20776,20004
22995,20813,20054
22996,21000,20087
22997,21075,20027
22998,23081,20027
22999,20915,20083
23000,21331,20075
23001,22507,20075
23002,21235,20009
23003,20561,20079
23004,21577,20079
23005,20777,20008
23006,21443,20087
23007,20442,20062
23008,21585,20062
23009,21746,20062
23010,23585,20062
23011,20442,20084
23012,21585,20084
23013,21746,20084
23014,23585,20084
23015,20658,20080
23016,23991,20080
23017,20562,20092
23018,23586,20092
23019,20268,20085
23020,20916,20085
23021,21076,20085
23022,21236,20085
23023,21332,20085
23024,22508,20085
23025,22899,20085
23026,23083,20085
23027,23154,20085
23028,23689,20085
23029,23905,20085
23030,20659,20084
23031,20659,20087
23032,20154,20084
23033,20269,20084
23034,20359,20084
23035,20443,20084
23036,20563,20084
23037,20660,20084
23038,20778,20084
23039,20856,20084
23040,20917,20084
23041,21001,20084
23042,21077,20084
23043,21162,20084
23044,21237,20084
23045,21275,20084
23046,21333,20084
23047,21444,20084
23048,21586,20084
23049,21749,20084
23050,21836,20084
23051,22046,20084
23052,22204,20084
23053,22298,20084
23054,22392,20084
23055,22510,20084
23056,22571,20084
23057,22833,20084
23058,22943,20084
23059,23007,20084
23060,23084,20084
23061,23155,20084
23062,23241,20084
23063,23320,20084
23064,23428,20084
23065,23481,20084
23066,23555,20084
23067,23690,20084
23068,23837,20084
23069,23906,20084
23070,20779,20084
23071,20779,20079
23072,20780,20084
23073,21587,20084
23074,20780,20060
23075,21587,20060
23076,20814,20084
23077,22052,20084
23078,23430,20084
23079,20814,20062
23080,22052,20062
23081,23430,20062
23082,20155,20084
23083,20270,20084
23084,20099,20011
23085,20271,20011
23086,20444,20011
23087,20815,20011
23088,21837,20011
23089,22512,20011
23090,23691,20011
23091,23838,20011
23092,24069,20011
23093,21445,20038
23094,21446,20005
23095,20857,20074
23096,21002,20074
23097,21078,20074
23098,21163,20074
23099,21238,20074
23100,21276,20074
23101,22393,20074
23102,22643,20074
23103,22834,20074
23104,22900,20074
23105,22944,20074
23106,23008,20074
23107,23085,20074
23108,23156,20074
23109,23431,20074
23110,23692,20074
23111,23907,20074
23112,20100,20083
23113,21447,20083
23114,23839,20083
23115,20272,20037
23116,20661,20037
23117,21164,20087
23118,21239,20087
23119,21003,20087
23120,20781,20034
23121,20273,20034
23122,20274,20034
23123,20360,20034
23124,20816,20034
23125,22206,20034
23126,23556,20034
23127,20273,20033
23128,20817,20051
23129,20275,20075
23130,20818,20075
23131,20275,20034
23132,20818,20034
23133,20918,20123
23134,22946,20123
23135,20819,20080
23136,23993,20080
23137,20101,20034
23138,23694,20034
23139,20102,20034
23140,21240,20123
23141,20276,20123
23142,20662,20034
23143,20662,20075
23144,20662,20065
23145,20277,20123
23146,20858,20026
23147,20919,20026
23148,21448,20026
23149,21838,20026
23150,22208,20026
23151,22515,20026
23152,22573,20026
23153,22644,20026
23154,22836,20026
23155,23009,20026
23156,23087,20026
23157,23695,20026
23158,21449,20088
23159,20445,20016
23160,23588,20016
23161,21241,20093
23162,21277,20093
23163,23088,20093
23164,21165,20124
23165,21004,20124
23166,22395,20124
23167,23994,20124
23168,21166,20065
23169,22396,20065
23170,23589,20065
23171,21005,20065
23172,21079,20065
23173,20782,20065
23174,20361,20065
23175,21079,20019
23176,20782,20019
23177,20361,20019
23178,20361,20051
23179,20920,20021
23180,21167,20075
23181,20278,20075
23182,20279,20075
23183,20280,20075
23184,20281,20075
23185,20282,20075
23186,20283,20075
23187,20284,20075
23188,20285,20075
23189,21080,20075
23190,21242,20053
23191,21006,20088
23192,21007,20088
23193,21008,20088
23194,21009,20088
23195,21007,20051
23196,20286,20099
23197,20921,20104
23198,21081,20104
23199,21243,20104
23200,21278,20104
23201,21334,20104
23202,22302,20104
23203,22399,20104
23204,22577,20104
23205,22645,20104
23206,23089,20104
23207,23159,20104
23208,20859,20104
23209,21168,20104
23210,22838,20104
23211,22947,20104
23212,21244,20078
23213,20783,20078
23214,21590,20078
23215,23484,20078
23216,20362,20001
23217,20446,20001
23218,21591,20001
23219,21761,20001
23220,21839,20001
23221,22053,20001
23222,22303,20001
23223,23244,20001
23224,23323,20001
23225,23852,20001
23226,20922,20089
23227,21169,20089
23228,20922,20115
23229,21010,20069
23230,23160,20069
23231,20363,20069
23232,22056,20069
23233,23701,20069
23234,21450,20042
23235,23908,20042
23236,21451,20095
23237,21452,20033
23238,20287,20011
23239,20287,20095
23240,20103,20043
23241,21170,20091
23242,20860,20091
23243,21245,20091
23244,22648,20091
23245,22902,20091
23246,23091,20091
23247,21011,20091
23248,21171,20018
23249,21171,20070
23250,20104,20111
23251,21335,20074
23252,21336,20105
23253,21336,20087
23254,21012,20088
23255,20105,20043
23256,20288,20043
23257,20364,20043
23258,20447,20043
23259,20564,20043
23260,20784,20043
23261,21172,20043
23262,21764,20043
23263,21840,20043
23264,22057,20043
23265,22210,20043
23266,23247,20043
23267,23324,20043
23268,23854,20043
23269,24011,20043
23270,20565,20043
23271,21455,20077
23272,21458,20077
23273,21459,20010
23274,21459,20007
23275,21464,20051
23276,21465,20051
23277,23261,20051
23278,23500,20051
23279,21468,20002
23280,21469,20002
23281,21471,20073
23282,21472,20073
23283,21471,20079
23284,21472,20079
23285,21472,20076
23286,21477,20104
23287,21478,20104
23288,21477,20105
23289,21478,20105
23290,21479,20104
23291,21480,20104
23292,21479,20088
23293,21483,20047
23294,22101,20047
23295,21484,20047
23296,22677,20047
23297,21486,20075
23298,21486,20084
23299,21487,20014
23300,22243,20014
23301,23279,20014
23302,23741,20014
23303,21489,20105
23304,21490,20105
23305,21489,20073
23306,21489,20079
23307,21490,20077
23308,21492,20105
23309,22113,20105
23310,23200,20105
23311,23356,20105
23312,21492,20073
23313,22113,20073
23314,23200,20073
23315,23356,20073
23316,21493,20105
23317,23357,20105
23318,21493,20076
23319,23357,20076
23320,21495,20105
23321,21495,20073
23322,21495,20079
23323,21496,20105
23324,23360,20105
23325,23520,20105
23326,23750,20105
23327,21497,20105
23328,21497,20088
23329,21498,20105
23330,23361,20105
23331,21499,20105
23332,21805,20105
23333,21498,20077
23334,23361,20077
23335,21499,20077
23336,21805,20077
23337,21500,20105
23338,23362,20105
23339,21500,20076
23340,23362,20076
23341,21501,20105
23342,21502,20105
23343,21501,20087
23344,21503,20004
23345,21503,20018
23346,21505,20105
23347,21505,20088
23348,21507,20082
23349,21507,20069
23350,21509,20004
23351,21509,20082
23352,21510,20070
23353,21512,20077
23354,22139,20077
23355,22256,20077
23356,21515,20077
23357,21515,20078
23358,21517,20036
23359,21520,20118
23360,21521,20118
23361,21522,20065
23362,21522,20061
23363,21523,20058
23364,21525,20064
23365,21526,20064
23366,21527,20064
23367,21528,20064
23368,21529,20064
23369,21525,20065
23370,21531,20058
23371,21533,20058
23372,21534,20058
23373,21535,20081
23374,21537,20048
23375,21537,20026
23376,21540,20025
23377,21542,20025
23378,21540,20094
23379,21544,20013
23380,23224,20013
23381,21544,20108
23382,23224,20108
23383,21546,20074
23384,21701,20074
23385,21997,20074
23386,22166,20074
23387,23815,20074
23388,21547,20074
23389,21548,20074
23390,21547,20105
23391,21548,20105
23392,21549,20074
23393,21550,20074
23394,21549,20077
23395,21550,20077
23396,21551,20074
23397,21552,20074
23398,21551,20094
23399,21553,20055
23400,21556,20004
23401,21556,20077
23402,21560,20076
23403,23232,20076
23404,21560,20078
23405,23232,20078
23406,21562,20001
23407,23234,20001
23408,21563,20001
23409,21564,20001
23410,22188,20001
23411,23235,20001
23412,23419,20001
23413,21565,20001
23414,21562,20005
23415,23234,20005
23416,21567,20062
23417,21567,20061
23418,21567,20047
23419,21571,20061
23420,21571,20062
23421,21572,20061
23422,21572,20078
23423,21572,20076
23424,21574,20080
23425,21575,20080
23426,21576,20080
23427,21741,20080
23428,21575,20078
23429,21578,20079
23430,21578,20083
23431,21579,20079
23432,21579,20077
23433,21580,20079
23434,21580,20073
23435,21581,20079
23436,21581,20077
23437,21582,20079
23438,21582,20061
23439,21583,20062
23440,21744,20062
23441,21584,20062
23442,22041,20062
23443,21584,20060
23444,22041,20060
23445,21588,20034
23446,21589,20034
23447,21592,20001
23448,21592,20025
23449,21598,20079
23450,21599,20030
23451,21602,20003
23452,21603,20003
23453,21608,20051
23454,21608,20052
23455,21609,20030
23456,21610,20003
23457,21610,20030
23458,21612,20002
23459,21613,20092
23460,23264,20092
23461,21614,20092
23462,21618,20074
23463,21619,20074
23464,21620,20074
23465,21621,20074
23466,21622,20074
23467,21623,20074
23468,21624,20074
23469,21618,20079
23470,21619,20079
23471,21620,20079
23472,21621,20079
23473,21622,20079
23474,21623,20079
23475,21624,20079
23476,21626,20007
23477,21628,20060
23478,21632,20047
23479,22097,20047
23480,22236,20047
23481,21632,20048
23482,22097,20048
23483,22236,20048
23484,21634,20047
23485,21634,20052
23486,21635,20047
23487,22238,20047
23488,23192,20047
23489,23277,20047
23490,23514,20047
23491,21637,20047
23492,21635,20025
23493,22238,20025
23494,23192,20025
23495,23277,20025
23496,23514,20025
23497,21638,20075
23498,22442,20075
23499,23455,20075
23500,21640,20014
23501,21642,20025
23502,21644,20105
23503,21646,20105
23504,21644,20083
23505,21646,20074
23506,21647,20105
23507,22111,20105
23508,22681,20105
23509,23198,20105
23510,21647,20077
23511,22111,20077
23512,22681,20077
23513,23198,20077
23514,21648,20105
23515,21648,20074
23516,21649,20105
23517,22112,20105
23518,22683,20105
23519,21649,20076
23520,22112,20076
23521,22683,20076
23522,21650,20105
23523,21651,20105
23524,21650,20074
23525,21651,20074
23526,21654,20088
23527,21655,20088
23528,21656,20088
23529,21657,20088
23530,21658,20088
23531,21659,20088
23532,21660,20088
23533,21661,20088
23534,21654,20105
23535,21655,20074
23536,21656,20074
23537,21657,20074
23538,21658,20074
23539,21659,20074
23540,21664,20082
23541,21667,20077
23542,21668,20077
23543,21669,20077
23544,21670,20077
23545,21671,20077
23546,21672,20077
23547,21674,20077
23548,21675,20077
23549,21676,20077
23550,21677,20077
23551,21678,20077
23552,21679,20077
23553,21680,20077
23554,21667,20074
23555,21668,20074
23556,21669,20074
23557,21670,20074
23558,21671,20074
23559,21672,20074
23560,21674,20074
23561,21675,20074
23562,21676,20074
23563,21677,20074
23564,21678,20074
23565,21679,20074
23566,21682,20118
23567,21683,20118
23568,21684,20118
23569,21682,20074
23570,21683,20074
23571,21684,20074
23572,21685,20062
23573,21687,20058
23574,21974,20058
23575,21688,20058
23576,21975,20058
23577,21689,20058
23578,21687,20074
23579,21974,20074
23580,21688,20074
23581,21975,20074
23582,21689,20074
23583,21696,20025
23584,23809,20025
23585,21697,20025
23586,21698,20013
23587,21698,20014
23588,21700,20030
23589,21703,20094
23590,22000,20094
23591,21704,20094
23592,22001,20094
23593,21705,20094
23594,21706,20094
23595,21707,20094
23596,21708,20094
23597,21709,20094
23598,21703,20074
23599,22000,20074
23600,21704,20074
23601,22001,20074
23602,21705,20074
23603,21706,20074
23604,21707,20074
23605,21708,20074
23606,21714,20076
23607,21715,20076
23608,22014,20076
23609,21716,20076
23610,22015,20076
23611,21717,20076
23612,21719,20076
23613,21720,20076
23614,21721,20076
23615,21714,20047
23616,21715,20074
23617,22014,20074
23618,21716,20074
23619,22015,20074
23620,21717,20074
23621,21719,20074
23622,21720,20074
23623,21721,20074
23624,21724,20001
23625,22185,20001
23626,21726,20001
23627,21727,20001
23628,21724,20076
23629,22185,20076
23630,21728,20030
23631,21729,20003
23632,21730,20061
23633,22027,20061
23634,21731,20061
23635,22028,20061
23636,21733,20061
23637,21734,20061
23638,21735,20061
23639,21737,20061
23640,23421,20061
23641,21738,20061
23642,21730,20074
23643,22027,20074
23644,21731,20074
23645,22028,20074
23646,21733,20074
23647,21734,20074
23648,21735,20074
23649,21737,20074
23650,23421,20074
23651,21740,20080
23652,21742,20080
23653,21740,20036
23654,21743,20078
23655,23424,20078
23656,21745,20062
23657,21747,20062
23658,21748,20062
23659,21745,20061
23660,21750,20084
23661,21751,20084
23662,21750,20076
23663,21752,20104
23664,21753,20104
23665,21754,20104
23666,21755,20104
23667,21756,20104
23668,21757,20104
23669,22516,20104
23670,21758,20104
23671,21759,20104
23672,21760,20104
23673,21752,20105
23674,21754,20074
23675,21755,20074
23676,21756,20074
23677,21758,20074
23678,21759,20074
23679,21762,20042
23680,21763,20030
23681,21765,20020
23682,22402,20020
23683,23937,20020
23684,21766,20020
23685,21767,20030
23686,21771,20051
23687,21772,20051
23688,21773,20051
23689,21774,20051
23690,21771,20052
23691,21772,20052
23692,21773,20052
23693,21774,20052
23694,21771,20050
23695,21772,20077
23696,21773,20047
23697,21774,20061
23698,21776,20050
23699,21777,20050
23700,21778,20050
23701,21776,20077
23702,21777,20061
23703,21778,20084
23704,21779,20083
23705,21780,20083
23706,21781,20083
23707,21782,20083
23708,21783,20083
23709,21784,20083
23710,21780,20050
23711,21781,20077
23712,21782,20047
23713,21783,20061
23714,21784,20084
23715,21786,20002
23716,21786,20025
23717,21790,20077
23718,21791,20077
23719,21792,20077
23720,21793,20077
23721,21796,20047
23722,21791,20047
23723,21792,20061
23724,21793,20084
23725,21796,20084
23726,21797,20014
23727,21799,20105
23728,21800,20105
23729,21801,20105
23730,21803,20105
23731,21804,20105
23732,21806,20105
23733,21799,20073
23734,21803,20073
23735,21804,20074
23736,21808,20070
23737,21813,20077
23738,21814,20077
23739,21815,20077
23740,21813,20073
23741,21814,20105
23742,21815,20105
23743,21818,20117
23744,21822,20013
23745,21824,20013
23746,21825,20013
23747,21822,20095
23748,21825,20108
23749,21832,20030
23750,21832,20034
23751,21842,20027
23752,22582,20027
23753,23248,20027
23754,21844,20020
23755,21844,20101
23756,21849,20077
23757,21850,20077
23758,21849,20083
23759,21850,20079
23760,21853,20005
23761,23332,20005
23762,23939,20005
23763,21857,20042
23764,21861,20083
23765,21862,20083
23766,21863,20083
23767,21864,20083
23768,21865,20083
23769,21866,20083
23770,21867,20083
23771,21868,20083
23772,21869,20083
23773,21870,20083
23774,21871,20083
23775,21872,20083
23776,21873,20083
23777,21874,20083
23778,21875,20083
23779,21876,20083
23780,23722,20083
23781,21877,20083
23782,23723,20083
23783,21878,20083
23784,21861,20077
23785,21862,20079
23786,21863,20074
23787,21864,20087
23788,21865,20060
23789,21866,20079
23790,21867,20088
23791,21868,20074
23792,21869,20074
23793,21871,20064
23794,21874,20058
23795,21875,20094
23796,21876,20076
23797,23722,20076
23798,21877,20061
23799,23723,20061
23800,21878,20084
23801,21882,20083
23802,21884,20083
23803,21882,20079
23804,21884,20079
23805,21882,20077
23806,21884,20077
23807,21886,20087
23808,21887,20087
23809,21888,20087
23810,21889,20087
23811,21890,20087
23812,21891,20087
23813,21887,20051
23814,21888,20095
23815,21889,20083
23816,21890,20094
23817,21891,20061
23818,21893,20007
23819,21894,20007
23820,21893,20014
23821,21896,20060
23822,21897,20037
23823,21898,20037
23824,21900,20079
23825,21901,20079
23826,21902,20079
23827,21901,20077
23828,21902,20077
23829,21905,20070
23830,21905,20069
23831,21908,20079
23832,21910,20088
23833,21910,20087
23834,21911,20055
23835,21912,20007
23836,21911,20110
23837,21914,20074
23838,21915,20074
23839,21916,20074
23840,21917,20074
23841,21918,20074
23842,21919,20074
23843,21920,20074
23844,21921,20074
23845,21922,20074
23846,23370,20074
23847,21923,20074
23848,21924,20074
23849,21914,20077
23850,21915,20077
23851,21916,20083
23852,21917,20083
23853,21918,20087
23854,21919,20060
23855,21920,20079
23856,21921,20088
23857,21923,20083
23858,21924,20083
23859,21925,20095
23860,21927,20082
23861,21930,20004
23862,21927,20117
23863,21933,20074
23864,21934,20074
23865,21935,20074
23866,21936,20074
23867,21937,20074
23868,21938,20074
23869,21939,20074
23870,21940,20074
23871,21941,20074
23872,21942,20074
23873,21933,20077
23874,21934,20077
23875,21935,20083
23876,21936,20083
23877,21937,20087
23878,21938,20060
23879,21939,20079
23880,21940,20088
23881,21941,20083
23882,21942,20083
23883,21943,20083
23884,22134,20083
23885,21944,20083
23886,21945,20083
23887,21946,20083
23888,21947,20083
23889,21948,20083
23890,21949,20083
23891,21950,20083
23892,21951,20083
23893,21952,20083
23894,21944,20077
23895,21945,20077
23896,21948,20087
23897,21949,20060
23898,21950,20079
23899,21951,20088
23900,21956,20064
23901,21957,20064
23902,21956,20074
23903,21957,20083
23904,21958,20083
23905,21959,20083
23906,21960,20083
23907,21961,20083
23908,21959,20074
23909,21960,20074
23910,21963,20083
23911,21964,20083
23912,21965,20083
23913,21966,20083
23914,21967,20083
23915,21968,20083
23916,21969,20083
23917,21970,20083
23918,21971,20083
23919,21963,20077
23920,21964,20077
23921,21967,20060
23922,21968,20079
23923,21969,20088
23924,21970,20064
23925,21973,20058
23926,22267,20058
23927,23218,20058
23928,23399,20058
23929,21976,20058
23930,21977,20058
23931,21978,20058
23932,21973,20060
23933,22267,20060
23934,23218,20060
23935,23399,20060
23936,21976,20083
23937,21977,20064
23938,21978,20083
23939,21980,20117
23940,21982,20001
23941,22156,20001
23942,21989,20025
23943,21991,20013
23944,21991,20108
23945,21992,20087
23946,21993,20087
23947,21993,20084
23948,21995,20002
23949,21996,20030
23950,21995,20031
23951,21996,20003
23952,21999,20094
23953,22002,20094
23954,22003,20094
23955,22004,20094
23956,22005,20094
23957,22006,20094
23958,22007,20094
23959,21999,20083
23960,22002,20083
23961,22003,20083
23962,22004,20074
23963,22005,20074
23964,22006,20083
23965,22007,20083
23966,22010,20117
23967,22011,20037
23968,23229,20037
23969,22016,20076
23970,22017,20076
23971,22016,20083
23972,22017,20083
23973,22020,20001
23974,22021,20001
23975,22186,20001
23976,23418,20001
23977,23548,20001
23978,22023,20001
23979,22026,20061
23980,22029,20061
23981,22030,20061
23982,22026,20088
23983,22029,20083
23984,22030,20083
23985,22031,20094
23986,23683,20094
23987,22032,20094
23988,22033,20094
23989,22034,20094
23990,22035,20094
23991,22036,20094
23992,22032,20083
23993,22033,20074
23994,22034,20074
23995,22035,20083
23996,22036,20083
23997,22039,20088
23998,22040,20062
23999,22042,20062
24000,22043,20062
24001,22044,20062
24002,22045,20062
24003,22040,20083
24004,22042,20074
24005,22043,20074
24006,22044,20083
24007,22045,20083
24008,22047,20084
24009,22048,20084
24010,22049,20084
24011,22050,20084
24012,22051,20084
24013,22047,20074
24014,22048,20074
24015,22049,20083
24016,22050,20083
24017,22051,20061
24018,22054,20030
24019,22054,20037
24020,22055,20069
24021,22059,20038
24022,22060,20038
24023,22061,20038
24024,22061,20051
24025,22063,20083
24026,22064,20083
24027,22065,20083
24028,22066,20083
24029,22064,20105
24030,22065,20077
24031,22072,20077
24032,22073,20077
24033,22072,20083
24034,22073,20082
24035,22075,20103
24036,22077,20068
24037,22077,20070
24038,22077,20095
24039,22079,20003
24040,22080,20003
24041,22083,20030
24042,22079,20030
24043,22080,20030
24044,22085,20102
24045,22088,20079
24046,23448,20079
24047,22089,20079
24048,22091,20079
24049,22089,20076
24050,22091,20105
24051,22093,20007
24052,22228,20007
24053,22098,20047
24054,22099,20047
24055,22239,20047
24056,22100,20047
24057,22676,20047
24058,22102,20047
24059,22099,20076
24060,22239,20076
24061,22106,20014
24062,22242,20014
24063,22106,20011
24064,22242,20011
24065,22110,20105
24066,22114,20105
24067,22110,20083
24068,22115,20003
24069,22119,20088
24070,22119,20083
24071,22120,20055
24072,22121,20025
24073,23203,20025
24074,23283,20025
24075,23367,20025
24076,23523,20025
24077,22120,20056
24078,22120,20052
24079,22122,20033
24080,22452,20033
24081,22614,20033
24082,23284,20033
24083,23577,20033
24084,24003,20033
24085,22124,20074
24086,22125,20074
24087,22126,20074
24088,22124,20077
24089,22125,20088
24090,22126,20076
24091,22130,20082
24092,22132,20074
24093,22132,20077
24094,22133,20035
24095,22135,20083
24096,22135,20077
24097,22137,20077
24098,22138,20077
24099,22143,20077
24100,22137,20083
24101,22138,20083
24102,22143,20105
24103,22144,20050
24104,22145,20050
24105,22147,20088
24106,22148,20064
24107,22149,20064
24108,22148,20083
24109,22151,20058
24110,22152,20058
24111,22160,20030
24112,22161,20002
24113,22161,20030
24114,22164,20083
24115,22165,20074
24116,22167,20074
24117,22168,20074
24118,22170,20094
24119,22171,20094
24120,23228,20094
24121,22171,20076
24122,23228,20076
24123,22181,20076
24124,22751,20076
24125,22187,20001
24126,22189,20001
24127,22181,20080
24128,22751,20080
24129,22193,20061
24130,22193,20083
24131,22197,20095
24132,22199,20080
24133,22199,20036
24134,22200,20078
24135,22201,20078
24136,22200,20079
24137,22201,20076
24138,22202,20074
24139,22203,20083
24140,22205,20074
24141,22202,20083
24142,22205,20088
24143,22207,20037
24144,22209,20078
24145,22211,20056
24146,22211,20055
24147,22211,20052
24148,22214,20077
24149,22215,20077
24150,22221,20051
24151,22223,20002
24152,22224,20002
24153,22225,20002
24154,22223,20003
24155,22223,20030
24156,22225,20106
24157,22229,20007
24158,22230,20060
24159,22230,20062
24160,22232,20077
24161,22233,20087
24162,22234,20003
24163,24002,20003
24164,22241,20047
24165,22241,20048
24166,22241,20055
24167,22245,20014
24168,22245,20094
24169,22247,20018
24170,22253,20077
24171,22255,20077
24172,22255,20047
24173,22260,20082
24174,22260,20070
24175,22261,20087
24176,22262,20058
24177,22264,20074
24178,22265,20074
24179,22265,20077
24180,22269,20074
24181,22274,20025
24182,22274,20052
24183,22277,20023
24184,23305,20023
24185,23407,20023
24186,22278,20013
24187,22279,20003
24188,22281,20094
24189,23541,20094
24190,22282,20094
24191,22285,20076
24192,22285,20074
24193,22288,20082
24194,22288,20070
24195,22291,20001
24196,22293,20061
24197,22295,20013
24198,22296,20084
24199,23318,20084
24200,22297,20062
24201,22299,20084
24202,22300,20084
24203,22301,20084
24204,22307,20083
24205,22308,20083
24206,22771,20083
24207,22295,20108
24208,22296,20061
24209,23318,20061
24210,22311,20025
24211,22313,20100
24212,22314,20083
24213,22315,20074
24214,22316,20083
24215,22320,20001
24216,22322,20110
24217,22323,20112
24218,22326,20047
24219,22329,20025
24220,22332,20011
24221,23187,20011
24222,23616,20011
24223,22333,20114
24224,23112,20114
24225,22334,20114
24226,22335,20087
24227,22338,20095
24228,23114,20095
24229,23621,20095
24230,23734,20095
24231,22339,20004
24232,22970,20004
24233,22340,20004
24234,22344,20021
24235,22922,20021
24236,22973,20021
24237,22346,20095
24238,22348,20116
24239,22340,20005
24240,22349,20088
24241,22545,20088
24242,22350,20088
24243,22353,20091
24244,22354,20082
24245,22548,20082
24246,23641,20082
24247,22350,20087
24248,22354,20113
24249,22548,20113
24250,23641,20113
24251,22357,20035
24252,22361,20113
24253,22362,20112
24254,22364,20074
24255,22367,20060
24256,22374,20087
24257,22376,20003
24258,22378,20094
24259,22379,20094
24260,22381,20051
24261,22382,20104
24262,22378,20075
24263,22379,20037
24264,22387,20061
24265,22391,20074
24266,23082,20074
24267,23153,20074
24268,22394,20037
24269,23158,20037
24270,22387,20047
24271,22397,20033
24272,22398,20053
24273,22400,20083
24274,22404,20030
24275,22405,20074
24276,22407,20043
24277,22408,20043
24278,22410,20030
24279,22411,20074
24280,22413,20068
24281,22416,20055
24282,22420,20069
24283,22413,20070
24284,22424,20102
24285,22428,20008
24286,22430,20114
24287,22435,20087
24288,22436,20025
24289,22424,20017
24290,22438,20003
24291,22439,20048
24292,22440,20062
24293,22446,20047
24294,22447,20083
24295,23634,20083
24296,23855,20083
24297,22451,20025
24298,22455,20003
24299,22458,20083
24300,22981,20083
24301,22459,20030
24302,22461,20077
24303,22462,20030
24304,22463,20083
24305,22554,20083
24306,22626,20083
24307,22451,20026
24308,22455,20030
24309,22461,20076
24310,22465,20111
24311,22466,20030
24312,22467,20112
24313,23654,20112
24314,22468,20095
24315,22469,20074
24316,22470,20074
24317,22475,20083
24318,22477,20074
24319,22480,20052
24320,22483,20025
24321,22488,20030
24322,22492,20074
24323,22483,20007
24324,22495,20033
24325,22500,20038
24326,22501,20003
24327,24010,20003
24328,22502,20061
24329,22502,20047
24330,22509,20058
24331,22511,20011
24332,23933,20011
24333,23992,20011
24334,24024,20011
24335,22513,20038
24336,22514,20074
24337,22517,20093
24338,22514,20083
24339,22523,20104
24340,22524,20036
24341,22525,20001
24342,22528,20030
24343,22530,20001
24344,22532,20080
24345,22523,20088
24346,22539,20004
24347,22604,20004
24348,22796,20004
24349,23453,20004
24350,23623,20004
24351,22541,20014
24352,22547,20091
24353,22549,20070
24354,22550,20083
24355,22555,20087
24356,22558,20085
24357,22628,20085
24358,22561,20013
24359,22562,20003
24360,22563,20094
24361,22564,20028
24362,24055,20028
24363,22566,20082
24364,22637,20082
24365,23416,20082
24366,23823,20082
24367,22561,20108
24368,22570,20070
24369,22572,20011
24370,22574,20051
24371,22575,20017
24372,22576,20011
24373,22578,20104
24374,23016,20104
24375,22579,20093
24376,22580,20073
24377,22585,20038
24378,22592,20017
24379,22595,20083
24380,22596,20083
24381,22608,20112
24382,22619,20061
24383,22621,20033
24384,22619,20047
24385,22622,20111
24386,22623,20074
24387,22624,20051
24388,22625,20061
24389,22630,20124
24390,23925,20124
24391,22634,20077
24392,23814,20077
24393,22638,20001
24394,22639,20061
24395,22641,20089
24396,22646,20074
24397,22647,20083
24398,22650,20030
24399,22652,20055
24400,22638,20005
24401,22653,20093
24402,22655,20002
24403,22660,20050
24404,22661,20050
24405,22662,20050
24406,22663,20050
24407,22664,20050
24408,22665,20050
24409,22666,20050
24410,22668,20052
24411,22671,20095
24412,22653,20076
24413,22655,20031
24414,22661,20082
24415,22662,20077
24416,22663,20061
24417,22664,20080
24418,22673,20047
24419,22674,20047
24420,22680,20105
24421,22682,20105
24422,22684,20105
24423,22685,20105
24424,22686,20105
24425,22687,20105
24426,22673,20077
24427,22674,20064
24428,22680,20088
24429,22682,20025
24430,22684,20061
24431,22685,20080
24432,22689,20070
24433,22690,20070
24434,22691,20070
24435,22692,20076
24436,22693,20076
24437,22694,20076
24438,22696,20049
24439,22697,20049
24440,22699,20079
24441,22689,20082
24442,22691,20082
24443,22701,20082
24444,23773,20082
24445,22702,20082
24446,22703,20082
24447,22705,20082
24448,22706,20082
24449,22707,20082
24450,22708,20082
24451,22709,20061
24452,22701,20047
24453,23773,20047
24454,22702,20070
24455,22703,20077
24456,22705,20061
24457,22706,20080
24458,22715,20077
24459,22716,20077
24460,22717,20077
24461,22718,20096
24462,22719,20095
24463,22721,20118
24464,22722,20118
24465,22723,20118
24466,22724,20118
24467,22725,20118
24468,22726,20118
24469,22715,20080
24470,22721,20070
24471,22722,20064
24472,22728,20099
24473,22730,20058
24474,22732,20003
24475,22734,20025
24476,22736,20025
24477,22738,20025
24478,22740,20013
24479,22734,20005
24480,22736,20049
24481,22738,20080
24482,22744,20003
24483,22748,20076
24484,22749,20076
24485,22752,20076
24486,22753,20076
24487,22756,20001
24488,22759,20061
24489,22760,20061
24490,22761,20061
24491,22744,20030
24492,22748,20088
24493,22749,20064
24494,22759,20080
24495,22764,20080
24496,22765,20080
24497,22766,20083
24498,22767,20083
24499,22768,20083
24500,22769,20099
24501,22774,20090
24502,22778,20083
24503,22781,20088
24504,22784,20116
24505,22786,20088
24506,22790,20073
24507,22794,20060
24508,22806,20075
24509,22808,20115
24510,22809,20083
24511,23579,20083
24512,22808,20089
24513,22810,20095
24514,22986,20095
24515,22817,20085
24516,22818,20083
24517,22822,20083
24518,22826,20076
24519,22826,20078
24520,22831,20083
24521,22832,20089
24522,22835,20037
24523,22837,20093
24524,22839,20069
24525,23246,20069
24526,22840,20095
24527,22841,20091
24528,22843,20079
24529,22846,20036
24530,22854,20087
24531,22858,20060
24532,22843,20084
24533,22861,20033
24534,22862,20087
24535,22873,20030
24536,22875,20115
24537,23057,20115
24538,22882,20011
24539,22873,20051
24540,22884,20124
24541,22893,20074
24542,22895,20062
24543,22896,20087
24544,22897,20057
24545,22901,20123
24546,22908,20087
24547,22912,20079
24548,22901,20089
24549,22914,20075
24550,22917,20007
24551,22945,20075
24552,23157,20075
24553,22949,20104
24554,22954,20075
24555,23024,20075
24556,22959,20083
24557,22967,20060
24558,22969,20085
24559,22980,20091
24560,22984,20075
24561,22988,20008
24562,22989,20030
24563,22990,20094
24564,22992,20083
24565,22997,20013
24566,22999,20051
24567,23001,20094
24568,23010,20075
24569,23011,20075
24570,23012,20075
24571,23013,20075
24572,23014,20075
24573,23015,20075
24574,23017,20104
24575,23018,20075
24576,23019,20069
24577,23245,20069
24578,23021,20083
24579,23022,20074
24580,23022,20079
24581,23022,20077
24582,23030,20023
24583,23035,20073
24584,23040,20062
24585,23042,20075
24586,23053,20004
24587,23058,20113
24588,23059,20113
24589,23061,20086
24590,23064,20087
24591,23977,20087
24592,24033,20087
24593,23067,20087
24594,23068,20075
24595,23080,20057
24596,23086,20123
24597,23061,20087
24598,23090,20089
24599,23095,20068
24600,23100,20098
24601,23123,20087
24602,23127,20004
24603,23128,20004
24604,23463,20004
24605,23162,20034
24606,23134,20083
24607,23139,20019
24608,23142,20098
24609,23144,20124
24610,23145,20066
24611,23150,20110
24612,23151,20037
24613,23163,20074
24614,23161,20105
24615,23164,20056
24616,23165,20056
24617,23167,20092
24618,23164,20052
24619,23165,20052
24620,23165,20047
24621,23170,20068
24622,23176,20052
24623,23177,20052
24624,23180,20002
24625,23182,20083
24626,23183,20083
24627,23719,20083
24628,23184,20083
24629,23176,20047
24630,23177,20083
24631,23182,20052
24632,23183,20077
24633,23719,20077
24634,23189,20087
24635,23190,20083
24636,23194,20047
24637,23195,20075
24638,23204,20024
24639,23460,20024
24640,23207,20065
24641,23212,20083
24642,23215,20083
24643,23225,20074
24644,23816,20074
24645,23212,20077
24646,23227,20094
24647,23231,20076
24648,23236,20001
24649,23242,20084
24650,23243,20016
24651,23227,20083
24652,23231,20074
24653,23243,20068
24654,23249,20080
24655,23250,20020
24656,23253,20013
24657,23260,20052
24658,23265,20016
24659,23340,20016
24660,23265,20103
24661,23340,20103
24662,23268,20016
24663,23270,20007
24664,23271,20060
24665,23273,20003
24666,23276,20047
24667,23280,20014
24668,23281,20070
24669,23286,20033
24670,23276,20082
24671,23280,20011
24672,23281,20051
24673,23289,20082
24674,23290,20082
24675,23292,20030
24676,23295,20118
24677,23296,20118
24678,23301,20025
24679,23302,20025
24680,23303,20013
24681,23304,20013
24682,23317,20080
24683,23295,20055
24684,23296,20054
24685,23301,20026
24686,23304,20108
24687,23319,20062
24688,23321,20034
24689,23482,20034
24690,23322,20070
24691,23328,20011
24692,23330,20077
24693,23337,20051
24694,23319,20084
24695,23319,20060
24696,23337,20074
24697,23343,20007
24698,23344,20077
24699,23353,20105
24700,23354,20105
24701,23358,20105
24702,23365,20070
24703,23366,20004
24704,23353,20074
24705,23354,20074
24706,23358,20074
24707,23369,20074
24708,23371,20074
24709,23372,20074
24710,23373,20074
24711,23374,20074
24712,23378,20074
24713,23379,20074
24714,23380,20074
24715,23381,20074
24716,23382,20074
24717,23383,20074
24718,23369,20105
24719,23373,20061
24720,23378,20105
24721,23381,20061
24722,23385,20092
24723,23387,20082
24724,23388,20024
24725,23390,20074
24726,23391,20074
24727,23392,20074
24728,23393,20074
24729,23394,20074
24730,23390,20105
24731,23392,20061
24732,23395,20086
24733,23396,20086
24734,23397,20086
24735,23400,20058
24736,23401,20082
24737,23403,20028
24738,23406,20087
24739,23408,20031
24740,23410,20074
24741,23395,20087
24742,23396,20087
24743,23397,20087
24744,23396,20061
24745,23397,20105
24746,23400,20061
24747,23403,20026
24748,23406,20086
24749,23422,20074
24750,23425,20078
24751,23426,20084
24752,23427,20092
24753,23429,20084
24754,23432,20074
24755,23433,20074
24756,23434,20074
24757,23429,20075
24758,23432,20105
24759,23435,20069
24760,23464,20030
24761,23480,20078
24762,23483,20034
24763,23485,20093
24764,23488,20020
24765,23480,20084
24766,23485,20088
24767,23493,20050
24768,23496,20052
24769,23497,20052
24770,24064,20052
24771,23498,20052
24772,23499,20052
24773,23493,20110
24774,23496,20074
24775,23501,20102
24776,23504,20002
24777,23506,20011
24778,23508,20007
24779,23511,20060
24780,23517,20014
24781,23518,20014
24782,23501,20122
24783,23521,20070
24784,23522,20088
24785,23526,20115
24786,23527,20115
24787,23528,20115
24788,23533,20058
24789,23543,20032
24790,23546,20030
24791,23527,20089
24792,23549,20001
24793,23550,20001
24794,23557,20104
24795,23558,20042
24796,23560,20038
24797,23561,20045
24798,23563,20068
24799,23565,20030
24800,23566,20051
24801,23567,20102
24802,23568,20069
24803,23566,20058
24804,23568,20070
24805,23567,20017
24806,23570,20051
24807,24001,20051
24808,23575,20038
24809,23576,20033
24810,23578,20037
24811,23583,20037
24812,23584,20006
24813,23575,20051
24814,23576,20051
24815,23587,20034
24816,23590,20105
24817,23592,20079
24818,23602,20102
24819,23606,20094
24820,23607,20074
24821,23608,20058
24822,23610,20087
24823,23611,20087
24824,23612,20087
24825,23602,20019
24826,23607,20079
24827,23607,20077
24828,23613,20094
24829,23614,20003
24830,23951,20003
24831,23619,20098
24832,23627,20111
24833,23628,20024
24834,23631,20070
24835,23632,20001
24836,23635,20034
24837,23644,20070
24838,23645,20061
24839,23646,20002
24840,23647,20075
24841,23648,20035
24842,23649,20075
24843,23651,20074
24844,23644,20065
24845,23652,20053
24846,23656,20064
24847,23658,20094
24848,23659,20074
24849,23663,20007
24850,23665,20083
24851,23670,20013
24852,23671,20087
24853,23676,20124
24854,23656,20051
24855,23670,20108
24856,23677,20064
24857,23684,20035
24858,23685,20075
24859,23686,20057
24860,23688,20048
24861,23693,20075
24862,23696,20016
24863,23697,20056
24864,23698,20075
24865,23699,20078
24866,23677,20079
24867,23700,20079
24868,23704,20056
24869,23705,20087
24870,23709,20003
24871,23716,20083
24872,23717,20083
24873,23718,20083
24874,23720,20083
24875,23721,20083
24876,23724,20083
24877,23704,20055
24878,23704,20025
24879,23705,20054
24880,23716,20088
24881,23720,20074
24882,23721,20025
24883,23728,20060
24884,23729,20060
24885,23730,20060
24886,23735,20104
24887,23736,20004
24888,23736,20070
24889,23728,20083
24890,23729,20058
24891,23730,20080
24892,23740,20047
24893,23744,20105
24894,23745,20105
24895,23746,20105
24896,23748,20105
24897,23740,20061
24898,23740,20064
24899,23744,20083
24900,23745,20083
24901,23746,20083
24902,23748,20083
24903,23752,20088
24904,23753,20088
24905,23754,20088
24906,23756,20088
24907,23758,20093
24908,23752,20076
24909,23753,20084
24910,23754,20104
24911,23756,20087
24912,23758,20105
24913,23760,20083
24914,23761,20083
24915,23762,20083
24916,23763,20083
24917,23764,20083
24918,23765,20083
24919,23766,20083
24920,23767,20083
24921,23768,20083
24922,23769,20083
24923,23770,20083
24924,23771,20083
24925,23760,20007
24926,23761,20088
24927,23762,20082
24928,23764,20077
24929,23765,20074
24930,23766,20025
24931,23767,20076
24932,23768,20061
24933,23770,20104
24934,23771,20074
24935,23775,20083
24936,23776,20083
24937,23777,20083
24938,23778,20083
24939,23779,20083
24940,23780,20083
24941,23781,20083
24942,23782,20083
24943,23783,20083
24944,23784,20083
24945,23785,20083
24946,23775,20007
24947,23776,20088
24948,23777,20082
24949,23778,20077
24950,23779,20074
24951,23780,20025
24952,23781,20076
24953,23782,20061
24954,23784,20104
24955,23785,20074
24956,23790,20077
24957,23798,20074
24958,23799,20052
24959,23800,20052
24960,23801,20052
24961,23802,20052
24962,23803,20052
24963,23805,20054
24964,23806,20054
24965,23790,20076
24966,23790,20061
24967,23798,20076
24968,23799,20083
24969,23800,20083
24970,23801,20111
24971,23802,20053
24972,23803,20083
24973,23805,20095
24974,23810,20025
24975,23813,20087
24976,23819,20066
24977,23829,20061
24978,23831,20080
24979,23832,20080
24980,23833,20080
24981,23834,20080
24982,23835,20080
24983,23836,20080
24984,23810,20028
24985,23810,20026
24986,23810,20047
24987,23819,20064
24988,23829,20064
24989,23829,20052
24990,23831,20083
24991,23832,20083
24992,23833,20083
24993,23834,20074
24994,23835,20052
24995,23836,20083
24996,23840,20083
24997,23841,20083
24998,23842,20083
24999,23843,20083
25000,23844,20083
25001,23845,20083
25002,23846,20083
25003,23847,20083
25004,23848,20083
25005,23849,20083
25006,23840,20007
25007,23841,20088
25008,23842,20082
25009,23843,20077
25010,23844,20074
25011,23845,20025
25012,23846,20076
25013,23847,20061
25014,23848,20104
25015,23849,20074
25016,23850,20034
25017,23851,20104
25018,23853,20001
25019,23856,20021
25020,23871,20021
25021,23851,20083
25022,23856,20095
25023,23871,20095
25024,23858,20087
25025,23859,20055
25026,23860,20123
25027,23861,20033
25028,23862,20007
25029,23863,20024
25030,23866,20102
25031,23862,20095
25032,23868,20087
25033,23869,20095
25034,23872,20021
25035,23873,20118
25036,23874,20052
25037,23877,20012
25038,23878,20080
25039,23874,20053
25040,23881,20030
25041,23882,20037
25042,23888,20095
25043,23891,20056
25044,23895,20064
25045,23897,20056
25046,23900,20094
25047,23902,20111
25048,23904,20056
25049,23888,20096
25050,23915,20051
25051,23949,20080
25052,23917,20007
25053,24027,20007
25054,23955,20080
25055,23957,20080
25056,23958,20033
25057,23920,20051
25058,23959,20054
25059,24016,20054
25060,24030,20115
25061,23964,20080
25062,24034,20090
25063,23969,20059
25064,23972,20080
25065,24036,20068
25066,23975,20053
25067,23979,20030
25068,23929,20007
25069,23982,20087
25070,23983,20024
25071,23930,20011
25072,24022,20011
25073,23982,20011
25074,23930,20009
25075,23985,20087
25076,23932,20114
25077,23989,20088
25078,23990,20080
25079,24023,20087
25080,24025,20011
25081,24047,20103
25082,23989,20107
25083,24049,20021
25084,24050,20013
25085,24051,20024
25086,24062,20011
25087,24065,20052
25088,24066,20052
25089,24066,20087
