id,university_id,major_id
1,1,1
2,1,4
3,1,20
4,1,21
5,1,24
6,1,25
7,1,27
8,1,33
9,1,43
10,1,51
11,1,61
12,1,70
13,1,82
14,1,84
15,1,90
16,1,96
17,1,97
18,1,98
19,1,112
20,1,120
21,1,124
22,1,138
23,1,139
24,1,153
25,1,155
26,1,160
27,1,163
28,1,169
29,1,175
30,1,190
31,1,198
32,1,202
33,1,213
34,1,222
35,1,227
36,1,250
37,1,268
38,1,271
39,1,295
40,1,310
41,1,317
42,1,322
43,1,325
44,1,326
45,1,327
46,1,337
47,1,365
48,1,368
49,1,371
50,1,388
51,1,390
52,1,394
53,1,396
54,1,398
55,1,407
56,1,415
57,1,418
58,1,445
59,1,456
60,1,466
61,1,467
62,1,469
63,1,470
64,1,475
65,1,477
66,1,485
67,1,493
68,1,511
69,1,513
70,1,520
71,1,522
72,1,526
73,1,540
74,1,545
75,1,548
76,1,550
77,1,552
78,1,556
79,1,581
80,1,591
81,1,613
82,1,620
83,1,628
84,1,630
85,1,634
86,1,637
87,1,643
88,1,658
89,1,662
90,1,665
91,1,671
92,1,676
93,1,682
94,1,688
95,1,690
96,1,707
97,1,709
98,1,717
99,1,756
100,1,760
101,1,773
102,1,774
103,1,820
104,1,825
105,1,829
106,2,6
107,2,8
108,2,16
109,2,92
110,2,111
111,2,139
112,2,141
113,2,143
114,2,148
115,2,149
116,2,161
117,2,178
118,2,190
119,2,193
120,2,194
121,2,213
122,2,216
123,2,225
124,2,227
125,2,250
126,2,259
127,2,275
128,2,284
129,2,286
130,2,287
131,2,365
132,2,366
133,2,368
134,2,445
135,2,490
136,2,498
137,2,499
138,2,500
139,2,509
140,2,515
141,2,518
142,2,525
143,2,573
144,2,578
145,2,585
146,2,588
147,2,590
148,2,595
149,2,598
150,2,636
151,2,638
152,2,709
153,2,715
154,2,750
155,2,754
156,3,6
157,3,12
158,3,14
159,3,30
160,3,38
161,3,42
162,3,50
163,3,70
164,3,75
165,3,91
166,3,107
167,3,112
168,3,114
169,3,127
170,3,130
171,3,139
172,3,140
173,3,142
174,3,144
175,3,146
176,3,155
177,3,184
178,3,187
179,3,190
180,3,208
181,3,213
182,3,216
183,3,217
184,3,218
185,3,222
186,3,235
187,3,239
188,3,244
189,3,250
190,3,262
191,3,266
192,3,268
193,3,287
194,3,288
195,3,290
196,3,292
197,3,294
198,3,296
199,3,297
200,3,298
201,3,303
202,3,304
203,3,309
204,3,325
205,3,332
206,3,335
207,3,342
208,3,343
209,3,344
210,3,345
211,3,346
212,3,348
213,3,350
214,3,352
215,3,364
216,3,369
217,3,370
218,3,379
219,3,386
220,3,387
221,3,389
222,3,391
223,3,392
224,3,393
225,3,400
226,3,433
227,3,436
228,3,444
229,3,445
230,3,451
231,3,454
232,3,460
233,3,463
234,3,465
235,3,466
236,3,471
237,3,486
238,3,489
239,3,491
240,3,496
241,3,501
242,3,503
243,3,506
244,3,508
245,3,525
246,3,541
247,3,542
248,3,546
249,3,556
250,3,573
251,3,591
252,3,607
253,3,609
254,3,614
255,3,629
256,3,632
257,3,665
258,3,672
259,3,683
260,3,691
261,3,696
262,3,701
263,3,702
264,3,703
265,3,704
266,3,709
267,3,714
268,3,748
269,3,750
270,3,755
271,3,756
272,3,761
273,3,766
274,3,767
275,3,769
276,3,776
277,3,778
278,3,792
279,3,793
280,3,794
281,3,795
282,3,796
283,3,797
284,3,798
285,3,799
286,3,806
287,3,819
288,3,829
289,4,6
290,4,22
291,4,28
292,4,29
293,4,35
294,4,40
295,4,61
296,4,70
297,4,71
298,4,94
299,4,107
300,4,113
301,4,115
302,4,139
303,4,153
304,4,155
305,4,156
306,4,162
307,4,163
308,4,190
309,4,231
310,4,246
311,4,250
312,4,252
313,4,253
314,4,262
315,4,268
316,4,272
317,4,325
318,4,351
319,4,358
320,4,374
321,4,400
322,4,402
323,4,427
324,4,464
325,4,501
326,4,517
327,4,525
328,4,550
329,4,551
330,4,555
331,4,556
332,4,557
333,4,684
334,4,573
335,4,574
336,4,577
337,4,581
338,4,584
339,4,587
340,4,591
341,4,600
342,4,642
343,4,650
344,4,662
345,4,664
346,4,665
347,4,676
348,4,678
349,4,681
350,4,691
351,4,692
352,4,694
353,4,697
354,4,709
355,4,710
356,4,711
357,4,712
358,4,713
359,4,750
360,4,767
361,4,789
362,4,811
363,4,815
364,4,829
365,5,10
366,5,16
367,5,43
368,5,44
369,5,45
370,5,46
371,5,47
372,5,53
373,5,61
374,5,63
375,5,64
376,5,70
377,5,88
378,5,94
379,5,105
380,5,114
381,5,121
382,5,132
383,5,137
384,5,139
385,5,153
386,5,155
387,5,163
388,5,185
389,5,190
390,5,199
391,5,213
392,5,215
393,5,216
394,5,227
395,5,238
396,5,250
397,5,251
398,5,268
399,5,313
400,5,322
401,5,334
402,5,356
403,5,363
404,5,365
405,5,375
406,5,400
407,5,445
408,5,451
409,5,452
410,5,454
411,5,455
412,5,459
413,5,502
414,5,505
415,5,525
416,5,532
417,5,550
418,5,573
419,5,575
420,5,582
421,5,587
422,5,591
423,5,608
424,5,612
425,5,618
426,5,631
427,5,632
428,5,635
429,5,660
430,5,661
431,5,664
432,5,665
433,5,667
434,5,676
435,5,678
436,5,679
437,5,687
438,5,691
439,5,698
440,5,705
441,5,709
442,5,745
443,5,750
444,5,756
445,5,781
446,5,811
447,5,829
448,6,4
449,6,9
450,6,12
451,6,16
452,6,17
453,6,32
454,6,34
455,6,35
456,6,36
457,6,56
458,6,58
459,6,59
460,6,61
461,6,62
462,6,63
463,6,70
464,6,94
465,6,107
466,6,108
467,6,109
468,6,110
469,6,115
470,6,119
471,6,153
472,6,154
473,6,155
474,6,156
475,6,158
476,6,162
477,6,163
478,6,164
479,6,168
480,6,172
481,6,190
482,6,192
483,6,213
484,6,241
485,6,245
486,6,250
487,6,262
488,6,266
489,6,268
490,6,270
491,6,299
492,6,300
493,6,301
494,6,302
495,6,322
496,6,325
497,6,345
498,6,349
499,6,350
500,6,360
501,6,361
502,6,362
503,6,396
504,6,400
505,6,421
506,6,429
507,6,444
508,6,445
509,6,456
510,6,473
511,6,474
512,6,482
513,6,492
514,6,495
515,6,497
516,6,525
517,6,529
518,6,531
519,6,532
520,6,536
521,6,538
522,6,539
523,6,545
524,6,561
525,6,562
526,6,563
527,6,564
528,6,565
529,6,566
530,6,567
531,6,573
532,6,579
533,6,580
534,6,581
535,6,587
536,6,591
537,6,592
538,6,593
539,6,601
540,6,604
541,6,609
542,6,612
543,6,616
544,6,623
545,6,625
546,6,643
547,6,655
548,6,662
549,6,664
550,6,665
551,6,676
552,6,678
553,6,680
554,6,684
555,6,685
556,6,686
557,6,694
558,6,698
559,6,709
560,6,717
561,6,742
562,6,747
563,6,750
564,6,829
565,6,830
566,7,6
567,7,7
568,7,11
569,7,12
570,7,31
571,7,32
572,7,66
573,7,94
574,7,105
575,7,116
576,7,125
577,7,127
578,7,132
579,7,134
580,7,135
581,7,136
582,7,139
583,7,155
584,7,157
585,7,173
586,7,195
587,7,197
588,7,200
589,7,209
590,7,229
591,7,238
592,7,248
593,7,250
594,7,253
595,7,258
596,7,261
597,7,262
598,7,263
599,7,264
600,7,265
601,7,276
602,7,277
603,7,306
604,7,307
605,7,308
606,7,328
607,7,353
608,7,354
609,7,400
610,7,404
611,7,411
612,7,412
613,7,419
614,7,421
615,7,422
616,7,423
617,7,424
618,7,425
619,7,426
620,7,445
621,7,449
622,7,454
623,7,456
624,7,457
625,7,491
626,7,501
627,7,505
628,7,504
629,7,525
630,7,527
631,7,529
632,7,530
633,7,536
634,7,543
635,7,553
636,7,557
637,7,573
638,7,599
639,7,609
640,7,612
641,7,618
642,7,622
643,7,626
644,7,653
645,7,663
646,7,664
647,7,665
648,7,667
649,7,671
650,7,673
651,7,674
652,7,675
653,7,676
654,7,683
655,7,691
656,7,692
657,7,709
658,7,746
659,7,749
660,7,750
661,7,761
662,7,777
663,8,5
664,8,6
665,8,34
666,8,35
667,8,37
668,8,43
669,8,55
670,8,57
671,8,58
672,8,60
673,8,61
674,8,62
675,8,65
676,8,76
677,8,77
678,8,78
679,8,79
680,8,80
681,8,81
682,8,94
683,8,103
684,8,105
685,8,122
686,8,124
687,8,126
688,8,128
689,8,129
690,8,132
691,8,163
692,8,164
693,8,165
694,8,166
695,8,167
696,8,179
697,8,190
698,8,192
699,8,203
700,8,210
701,8,213
702,8,227
703,8,238
704,8,240
705,8,250
706,8,253
707,8,256
708,8,260
709,8,270
710,8,277
711,8,278
712,8,279
713,8,281
714,8,287
715,8,289
716,8,290
717,8,291
718,8,293
719,8,305
720,8,319
721,8,321
722,8,325
723,8,336
724,8,338
725,8,354
726,8,355
727,8,400
728,8,403
729,8,407
730,8,428
731,8,445
732,8,446
733,8,447
734,8,448
735,8,450
736,8,451
737,8,454
738,8,468
739,8,501
740,8,525
741,8,528
742,8,536
743,8,550
744,8,552
745,8,557
746,8,573
747,8,576
748,8,580
749,8,583
750,8,586
751,8,587
752,8,589
753,8,591
754,8,602
755,8,605
756,8,615
757,8,641
758,8,643
759,8,647
760,8,648
761,8,665
762,8,666
763,8,667
764,8,668
765,8,669
766,8,676
767,8,678
768,8,691
769,8,693
770,8,694
771,8,695
772,8,697
773,8,698
774,8,709
775,8,733
776,8,735
777,8,743
778,8,750
779,8,751
780,8,752
781,8,765
782,8,788
783,8,810
784,8,829
785,9,2
786,9,3
787,9,39
788,9,52
789,9,107
790,9,131
791,9,138
792,9,145
793,9,151
794,9,200
795,9,216
796,9,227
797,9,248
798,9,250
799,9,318
800,9,325
801,9,351
802,9,365
803,9,466
804,9,499
805,9,516
806,9,525
807,9,545
808,9,550
809,9,556
810,9,573
811,9,691
812,9,709
813,9,736
814,9,753
815,9,756
816,9,767
817,9,768
818,9,770
819,9,772
820,10,4
821,10,19
822,10,43
823,10,72
824,10,74
825,10,96
826,10,107
827,10,122
828,10,155
829,10,160
830,10,164
831,10,168
832,10,190
833,10,222
834,10,250
835,10,282
836,10,287
837,10,325
838,10,330
839,10,365
840,10,385
841,10,415
842,10,445
843,10,501
844,10,511
845,10,556
846,10,573
847,10,596
848,10,630
849,10,643
850,10,665
851,10,676
852,10,689
853,10,709
854,10,717
855,10,730
856,10,750
857,10,759
858,10,779
859,10,808
860,10,822
861,11,43
862,11,49
863,11,73
864,11,74
865,11,85
866,11,86
867,11,99
868,11,107
869,11,122
870,11,155
871,11,161
872,11,174
873,11,180
874,11,183
875,11,185
876,11,186
877,11,190
878,11,201
879,11,208
880,11,219
881,11,223
882,11,224
883,11,250
884,11,262
885,11,269
886,11,287
887,11,315
888,11,325
889,11,357
890,11,378
891,11,380
892,11,400
893,11,407
894,11,416
895,11,431
896,11,435
897,11,438
898,11,445
899,11,461
900,11,481
901,11,487
902,11,519
903,11,573
904,11,591
905,11,603
906,11,630
907,11,643
908,11,647
909,11,665
910,11,676
911,11,709
912,11,716
913,11,729
914,11,732
915,11,739
916,11,748
917,11,750
918,11,771
919,11,779
920,11,790
921,11,807
922,11,812
923,12,4
924,12,19
925,12,43
926,12,54
927,12,74
928,12,84
929,12,87
930,12,94
931,12,99
932,12,107
933,12,124
934,12,132
935,12,155
936,12,159
937,12,163
938,12,168
939,12,180
940,12,182
941,12,185
942,12,190
943,12,191
944,12,192
945,12,213
946,12,224
947,12,238
948,12,250
949,12,262
950,12,269
951,12,283
952,12,287
953,12,311
954,12,324
955,12,339
956,12,363
957,12,364
958,12,365
959,12,371
960,12,380
961,12,385
962,12,399
963,12,400
964,12,407
965,12,414
966,12,430
967,12,442
968,12,445
969,12,479
970,12,480
971,12,490
972,12,510
973,12,512
974,12,513
975,12,514
976,12,515
977,12,521
978,12,523
979,12,524
980,12,540
981,12,545
982,12,556
983,12,559
984,12,569
985,12,570
986,12,571
987,12,573
988,12,591
989,12,630
990,12,643
991,12,665
992,12,676
993,12,689
994,12,699
995,12,700
996,12,709
997,12,719
998,12,721
999,12,731
1000,12,737
1001,12,750
1002,12,759
1003,12,763
1004,12,784
1005,12,786
1006,12,802
1007,12,803
1008,12,804
1009,12,805
1010,12,814
1011,12,823
1012,12,828
1013,13,2
1014,13,28
1015,13,43
1016,13,72
1017,13,94
1018,13,105
1019,13,106
1020,13,123
1021,13,133
1022,13,136
1023,13,155
1024,13,176
1025,13,177
1026,13,189
1027,13,190
1028,13,196
1029,13,205
1030,13,207
1031,13,212
1032,13,222
1033,13,250
1034,13,262
1035,13,285
1036,13,287
1037,13,320
1038,13,331
1039,13,340
1040,13,341
1041,13,347
1042,13,365
1043,13,377
1044,13,385
1045,13,400
1046,13,407
1047,13,414
1048,13,432
1049,13,439
1050,13,441
1051,13,445
1052,13,461
1053,13,480
1054,13,488
1055,13,489
1056,13,490
1057,13,515
1058,13,535
1059,13,545
1060,13,556
1061,13,558
1062,13,573
1063,13,617
1064,13,624
1065,13,630
1066,13,633
1067,13,652
1068,13,665
1069,13,674
1070,13,676
1071,13,689
1072,13,709
1073,13,720
1074,13,728
1075,13,738
1076,13,748
1077,13,750
1078,13,759
1079,13,787
1080,13,800
1081,13,807
1082,14,2
1083,14,23
1084,14,26
1085,14,41
1086,14,43
1087,14,48
1088,14,69
1089,14,72
1090,14,95
1091,14,96
1092,14,99
1093,14,101
1094,14,104
1095,14,107
1096,14,117
1097,14,120
1098,14,123
1099,14,124
1100,14,136
1101,14,153
1102,14,155
1103,14,163
1104,14,170
1105,14,190
1106,14,204
1107,14,208
1108,14,220
1109,14,228
1110,14,230
1111,14,247
1112,14,250
1113,14,267
1114,14,287
1115,14,316
1116,14,317
1117,14,328
1118,14,333
1119,14,365
1120,14,372
1121,14,376
1122,14,381
1123,14,382
1124,14,383
1125,14,384
1126,14,401
1127,14,407
1128,14,414
1129,14,433
1130,14,445
1131,14,458
1132,14,462
1133,14,479
1134,14,483
1135,14,489
1136,14,507
1137,14,519
1138,14,537
1139,14,545
1140,14,547
1141,14,554
1142,14,556
1143,14,573
1144,14,591
1145,14,610
1146,14,612
1147,14,630
1148,14,637
1149,14,640
1150,14,645
1151,14,648
1152,14,654
1153,14,665
1154,14,676
1155,14,689
1156,14,709
1157,14,717
1158,14,718
1159,14,724
1160,14,727
1161,14,732
1162,14,750
1163,14,759
1164,14,762
1165,14,783
1166,14,785
1167,14,791
1168,14,808
1169,14,813
1170,14,821
1171,14,824
1172,14,829
1173,15,4
1174,15,15
1175,15,16
1176,15,18
1177,15,32
1178,15,43
1179,15,74
1180,15,94
1181,15,100
1182,15,107
1183,15,112
1184,15,118
1185,15,147
1186,15,152
1187,15,155
1188,15,163
1189,15,174
1190,15,185
1191,15,188
1192,15,190
1193,15,214
1194,15,227
1195,15,250
1196,15,262
1197,15,269
1198,15,274
1199,15,287
1200,15,311
1201,15,325
1202,15,329
1203,15,340
1204,15,365
1205,15,380
1206,15,384
1207,15,406
1208,15,434
1209,15,440
1210,15,443
1211,15,445
1212,15,490
1213,15,507
1214,15,533
1215,15,534
1216,15,544
1217,15,556
1218,15,573
1219,15,591
1220,15,603
1221,15,605
1222,15,611
1223,15,630
1224,15,643
1225,15,646
1226,15,649
1227,15,665
1228,15,670
1229,15,676
1230,15,689
1231,15,706
1232,15,709
1233,15,717
1234,15,726
1235,15,741
1236,15,748
1237,15,750
1238,15,759
1239,15,763
1240,15,775
1241,15,782
1242,15,801
1243,15,807
1244,15,809
1245,15,822
1246,16,13
1247,16,74
1248,16,94
1249,16,107
1250,16,123
1251,16,155
1252,16,190
1253,16,211
1254,16,250
1255,16,287
1256,16,325
1257,16,329
1258,16,417
1259,16,420
1260,16,433
1261,16,445
1262,16,489
1263,16,501
1264,16,515
1265,16,525
1266,16,573
1267,16,597
1268,16,665
1269,16,689
1270,16,698
1271,16,709
1272,16,720
1273,16,725
1274,16,726
1275,16,750
1276,16,759
1277,16,782
1278,16,807
1279,17,4
1280,17,18
1281,17,43
1282,17,72
1283,17,93
1284,17,102
1285,17,107
1286,17,112
1287,17,115
1288,17,150
1289,17,155
1290,17,163
1291,17,177
1292,17,181
1293,17,190
1294,17,211
1295,17,232
1296,17,236
1297,17,242
1298,17,243
1299,17,250
1300,17,267
1301,17,273
1302,17,280
1303,17,287
1304,17,311
1305,17,365
1306,17,395
1307,17,397
1308,17,437
1309,17,445
1310,17,466
1311,17,473
1312,17,478
1313,17,480
1314,17,507
1315,17,519
1316,17,545
1317,17,556
1318,17,560
1319,17,573
1320,17,591
1321,17,606
1322,17,630
1323,17,639
1324,17,643
1325,17,647
1326,17,665
1327,17,676
1328,17,689
1329,17,709
1330,17,717
1331,17,740
1332,17,748
1333,17,750
1334,17,807
1335,17,826
1336,17,827
1337,18,4
1338,18,26
1339,18,28
1340,18,37
1341,18,40
1342,18,43
1343,18,52
1344,18,67
1345,18,68
1346,18,76
1347,18,82
1348,18,83
1349,18,89
1350,18,94
1351,18,102
1352,18,114
1353,18,153
1354,18,155
1355,18,160
1356,18,163
1357,18,168
1358,18,171
1359,18,190
1360,18,205
1361,18,206
1362,18,208
1363,18,213
1364,18,221
1365,18,191
1366,18,222
1367,18,226
1368,18,227
1369,18,233
1370,18,234
1371,18,237
1372,18,249
1373,18,250
1374,18,254
1375,18,255
1376,18,257
1377,18,262
1378,18,268
1379,18,287
1380,18,312
1381,18,314
1382,18,323
1383,18,336
1384,18,359
1385,18,367
1386,18,373
1387,18,388
1388,18,394
1389,18,396
1390,18,405
1391,18,407
1392,18,408
1393,18,409
1394,18,410
1395,18,413
1396,18,415
1397,18,445
1398,18,453
1399,18,472
1400,18,476
1401,18,477
1402,18,484
1403,18,490
1404,18,494
1405,18,501
1406,18,511
1407,18,513
1408,18,515
1409,18,540
1410,18,545
1411,18,549
1412,18,556
1413,18,568
1414,18,572
1415,18,591
1416,18,594
1417,18,605
1418,18,613
1419,18,619
1420,18,620
1421,18,621
1422,18,627
1423,18,630
1424,18,644
1425,18,651
1426,18,656
1427,18,657
1428,18,659
1429,18,665
1430,18,671
1431,18,676
1432,18,677
1433,18,688
1434,18,691
1435,18,694
1436,18,706
1437,18,708
1438,18,709
1439,18,717
1440,18,722
1441,18,723
1442,18,734
1443,18,744
1444,18,750
1445,18,757
1446,18,758
1447,18,760
1448,18,779
1449,18,780
1450,18,816
1451,18,817
1452,18,818
1453,19,6
1454,19,16
1455,19,831
1456,19,34
1457,19,35
1458,19,832
1459,19,833
1460,19,94
1461,19,105
1462,19,114
1463,19,139
1464,19,834
1465,19,835
1466,19,153
1467,19,155
1468,19,836
1469,19,837
1470,19,163
1471,19,838
1472,19,839
1473,19,168
1474,19,190
1475,19,213
1476,19,235
1477,19,840
1478,19,841
1479,19,842
1480,19,843
1481,19,250
1482,19,256
1483,19,844
1484,19,845
1485,19,262
1486,19,846
1487,19,847
1488,19,277
1489,19,848
1490,19,849
1491,19,303
1492,19,850
1493,19,851
1494,19,306
1495,19,852
1496,19,853
1497,19,854
1498,19,855
1499,19,856
1500,19,857
1501,19,858
1502,19,859
1503,19,860
1504,19,325
1505,19,861
1506,19,400
1507,19,862
1508,19,407
1509,19,863
1510,19,864
1511,19,445
1512,19,865
1513,19,452
1514,19,454
1515,19,866
1516,19,456
1517,19,867
1518,19,468
1519,19,490
1520,19,868
1521,19,869
1522,19,870
1523,19,871
1524,19,501
1525,19,872
1526,19,873
1527,19,874
1528,19,875
1529,19,876
1530,19,525
1531,19,877
1532,19,529
1533,19,878
1534,19,879
1535,19,880
1536,19,561
1537,19,881
1538,19,573
1539,19,575
1540,19,882
1541,19,579
1542,19,883
1543,19,591
1544,19,884
1545,19,601
1546,19,885
1547,19,886
1548,19,887
1549,19,888
1550,19,889
1551,19,890
1552,19,891
1553,19,892
1554,19,630
1555,19,647
1556,19,893
1557,19,664
1558,19,665
1559,19,668
1560,19,894
1561,19,676
1562,19,895
1563,19,896
1564,19,897
1565,19,898
1566,19,683
1567,19,899
1568,19,691
1569,19,694
1570,19,696
1571,19,900
1572,19,901
1573,19,709
1574,19,902
1575,19,903
1576,19,904
1577,19,742
1578,19,905
1579,19,906
1580,19,907
1581,19,908
1582,19,909
1583,19,910
1584,19,911
1585,19,745
1586,19,750
1587,19,752
1588,19,912
1589,19,913
1590,19,810
1591,19,811
1592,19,914
1593,20,6
1594,20,7
1595,20,16
1596,20,34
1597,20,43
1598,20,915
1599,20,916
1600,20,62
1601,20,94
1602,20,917
1603,20,918
1604,20,107
1605,20,115
1606,20,124
1607,20,129
1608,20,919
1609,20,920
1610,20,921
1611,20,155
1612,20,922
1613,20,923
1614,20,924
1615,20,163
1616,20,164
1617,20,168
1618,20,925
1619,20,926
1620,20,927
1621,20,928
1622,20,929
1623,20,930
1624,20,931
1625,20,190
1626,20,932
1627,20,213
1628,20,933
1629,20,227
1630,20,250
1631,20,251
1632,20,934
1633,20,253
1634,20,935
1635,20,936
1636,20,256
1637,20,937
1638,20,938
1639,20,268
1640,20,939
1641,20,280
1642,20,940
1643,20,287
1644,20,941
1645,20,294
1646,20,942
1647,20,943
1648,20,944
1649,20,945
1650,20,946
1651,20,947
1652,20,297
1653,20,319
1654,20,948
1655,20,949
1656,20,950
1657,20,951
1658,20,952
1659,20,953
1660,20,954
1661,20,955
1662,20,365
1663,20,400
1664,20,956
1665,20,407
1666,20,445
1667,20,957
1668,20,958
1669,20,959
1670,20,960
1671,20,961
1672,20,962
1673,20,456
1674,20,963
1675,20,964
1676,20,965
1677,20,966
1678,20,967
1679,20,968
1680,20,969
1681,20,491
1682,20,970
1683,20,971
1684,20,972
1685,20,973
1686,20,525
1687,20,974
1688,20,975
1689,20,976
1690,20,536
1691,20,556
1692,20,573
1693,20,575
1694,20,579
1695,20,580
1696,20,977
1697,20,978
1698,20,979
1699,20,591
1700,20,980
1701,20,885
1702,20,630
1703,20,981
1704,20,982
1705,20,983
1706,20,984
1707,20,985
1708,20,986
1709,20,987
1710,20,643
1711,20,657
1712,20,662
1713,20,665
1714,20,988
1715,20,989
1716,20,990
1717,20,991
1718,20,667
1719,20,992
1720,20,993
1721,20,994
1722,20,669
1723,20,676
1724,20,995
1725,20,678
1726,20,996
1727,20,997
1728,20,998
1729,20,999
1730,20,1000
1731,20,1001
1732,20,694
1733,20,1002
1734,20,1003
1735,20,1004
1736,20,697
1737,20,1005
1738,20,1006
1739,20,709
1740,20,1007
1741,20,904
1742,20,1008
1743,20,1009
1744,20,910
1745,20,1010
1746,20,745
1747,20,1011
1748,20,1012
1749,20,750
1750,20,1013
1751,20,1014
1752,20,1015
1753,20,1016
1754,20,1017
1755,20,1018
1756,20,1019
1757,20,1020
1758,20,1021
1759,20,1022
1760,20,1023
1761,20,811
1762,20,1024
1763,20,1025
1764,20,829
1765,21,1026
1766,21,1027
1767,21,1028
1768,21,94
1769,21,112
1770,21,129
1771,21,1029
1772,21,1030
1773,21,1031
1774,21,1032
1775,21,132
1776,21,1033
1777,21,1034
1778,21,1035
1779,21,1036
1780,21,1037
1781,21,1038
1782,21,1039
1783,21,1040
1784,21,1041
1785,21,155
1786,21,1042
1787,21,156
1788,21,163
1789,21,200
1790,21,1043
1791,21,1044
1792,21,1045
1793,21,1046
1794,21,250
1795,21,256
1796,21,1047
1797,21,1048
1798,21,303
1799,21,1049
1800,21,1050
1801,21,1051
1802,21,306
1803,21,1052
1804,21,1053
1805,21,856
1806,21,1054
1807,21,319
1808,21,1055
1809,21,396
1810,21,400
1811,21,407
1812,21,456
1813,21,1056
1814,21,1057
1815,21,1058
1816,21,459
1817,21,473
1818,21,1059
1819,21,573
1820,21,580
1821,21,581
1822,21,1060
1823,21,591
1824,21,1061
1825,21,1062
1826,21,612
1827,21,624
1828,21,643
1829,21,662
1830,21,676
1831,21,678
1832,21,1063
1833,21,691
1834,21,697
1835,21,704
1836,21,750
1837,21,756
1838,21,779
1839,21,811
1840,21,829
1841,22,6
1842,22,1064
1843,22,16
1844,22,1065
1845,22,33
1846,22,34
1847,22,35
1848,22,61
1849,22,1066
1850,22,1067
1851,22,69
1852,22,70
1853,22,1068
1854,22,94
1855,22,105
1856,22,115
1857,22,1069
1858,22,132
1859,22,139
1860,22,155
1861,22,1070
1862,22,1071
1863,22,1072
1864,22,1073
1865,22,1074
1866,22,1075
1867,22,1076
1868,22,1077
1869,22,1078
1870,22,1079
1871,22,1080
1872,22,1081
1873,22,1082
1874,22,1083
1875,22,1084
1876,22,1085
1877,22,1086
1878,22,1087
1879,22,162
1880,22,163
1881,22,164
1882,22,1088
1883,22,168
1884,22,1089
1885,22,170
1886,22,1090
1887,22,1091
1888,22,1092
1889,22,1093
1890,22,1094
1891,22,1095
1892,22,190
1893,22,1096
1894,22,1097
1895,22,213
1896,22,1098
1897,22,1099
1898,22,1100
1899,22,250
1900,22,1101
1901,22,1102
1902,22,1103
1903,22,268
1904,22,277
1905,22,1104
1906,22,319
1907,22,325
1908,22,1105
1909,22,359
1910,22,1106
1911,22,1107
1912,22,1108
1913,22,384
1914,22,1109
1915,22,1110
1916,22,1111
1917,22,1112
1918,22,1113
1919,22,1114
1920,22,1115
1921,22,1116
1922,22,1117
1923,22,1118
1924,22,1119
1925,22,1120
1926,22,400
1927,22,1121
1928,22,402
1929,22,407
1930,22,1122
1931,22,412
1932,22,414
1933,22,1123
1934,22,1124
1935,22,1125
1936,22,1126
1937,22,1127
1938,22,1128
1939,22,1129
1940,22,1130
1941,22,1131
1942,22,1132
1943,22,1133
1944,22,1134
1945,22,1135
1946,22,1136
1947,22,1137
1948,22,1138
1949,22,1139
1950,22,1140
1951,22,1141
1952,22,1142
1953,22,490
1954,22,501
1955,22,503
1956,22,1143
1957,22,1144
1958,22,1145
1959,22,1146
1960,22,1147
1961,22,1148
1962,22,511
1963,22,1149
1964,22,1150
1965,22,1151
1966,22,1152
1967,22,1153
1968,22,1154
1969,22,1155
1970,22,1156
1971,22,1157
1972,22,525
1973,22,1158
1974,22,974
1975,22,975
1976,22,1159
1977,22,1160
1978,22,1161
1979,22,550
1980,22,1162
1981,22,556
1982,22,1163
1983,22,573
1984,22,575
1985,22,577
1986,22,579
1987,22,581
1988,22,587
1989,22,1164
1990,22,591
1991,22,1165
1992,22,1166
1993,22,1167
1994,22,608
1995,22,1168
1996,22,1169
1997,22,885
1998,22,630
1999,22,1170
2000,22,981
2001,22,982
2002,22,1171
2003,22,1172
2004,22,1173
2005,22,1174
2006,22,1175
2007,22,1176
2008,22,647
2009,22,653
2010,22,1177
2011,22,1178
2012,22,662
2013,22,665
2014,22,989
2015,22,990
2016,22,1179
2017,22,1180
2018,22,667
2019,22,676
2020,22,1181
2021,22,1182
2022,22,679
2023,22,1183
2024,22,683
2025,22,691
2026,22,1184
2027,22,1000
2028,22,1001
2029,22,1185
2030,22,1186
2031,22,1187
2032,22,1188
2033,22,1189
2034,22,1190
2035,22,1191
2036,22,1192
2037,22,704
2038,22,709
2039,22,1193
2040,22,1194
2041,22,911
2042,22,1195
2043,22,1196
2044,22,1197
2045,22,1198
2046,22,750
2047,22,1199
2048,22,1200
2049,22,1201
2050,22,1202
2051,22,1203
2052,22,753
2053,22,811
2054,22,1204
2055,22,1205
2056,22,815
2057,22,829
2058,23,16
2059,23,1206
2060,23,1207
2061,23,1208
2062,23,28
2063,23,1209
2064,23,1210
2065,23,1211
2066,23,1212
2067,23,34
2068,23,35
2069,23,36
2070,23,40
2071,23,61
2072,23,1213
2073,23,1214
2074,23,63
2075,23,1215
2076,23,70
2077,23,1216
2078,23,94
2079,23,1217
2080,23,1218
2081,23,107
2082,23,119
2083,23,1219
2084,23,153
2085,23,1220
2086,23,155
2087,23,163
2088,23,1221
2089,23,1222
2090,23,168
2091,23,1223
2092,23,190
2093,23,1224
2094,23,213
2095,23,216
2096,23,250
2097,23,934
2098,23,1225
2099,23,1226
2100,23,1227
2101,23,844
2102,23,1228
2103,23,262
2104,23,268
2105,23,269
2106,23,1229
2107,23,270
2108,23,287
2109,23,294
2110,23,1230
2111,23,943
2112,23,945
2113,23,850
2114,23,1231
2115,23,1232
2116,23,317
2117,23,325
2118,23,354
2119,23,1233
2120,23,1234
2121,23,1235
2122,23,1236
2123,23,375
2124,23,1237
2125,23,1238
2126,23,1239
2127,23,388
2128,23,396
2129,23,400
2130,23,1240
2131,23,414
2132,23,1241
2133,23,1242
2134,23,1133
2135,23,1243
2136,23,445
2137,23,1244
2138,23,1245
2139,23,865
2140,23,452
2141,23,454
2142,23,456
2143,23,1246
2144,23,1247
2145,23,1248
2146,23,497
2147,23,1249
2148,23,1250
2149,23,1251
2150,23,525
2151,23,1252
2152,23,1253
2153,23,536
2154,23,545
2155,23,547
2156,23,1163
2157,23,573
2158,23,577
2159,23,591
2160,23,1254
2161,23,1255
2162,23,612
2163,23,618
2164,23,1256
2165,23,1257
2166,23,885
2167,23,1258
2168,23,1259
2169,23,630
2170,23,1260
2171,23,1261
2172,23,641
2173,23,643
2174,23,647
2175,23,648
2176,23,649
2177,23,661
2178,23,662
2179,23,664
2180,23,665
2181,23,1262
2182,23,669
2183,23,671
2184,23,676
2185,23,995
2186,23,1182
2187,23,1263
2188,23,897
2189,23,1264
2190,23,680
2191,23,683
2192,23,688
2193,23,1265
2194,23,692
2195,23,694
2196,23,696
2197,23,1266
2198,23,709
2199,23,1267
2200,23,1268
2201,23,1269
2202,23,1270
2203,23,1271
2204,23,750
2205,23,1272
2206,23,767
2207,23,1273
2208,23,779
2209,23,1274
2210,23,829
2211,24,1275
2212,24,8
2213,24,61
2214,24,1276
2215,24,1277
2216,24,94
2217,24,107
2218,24,115
2219,24,119
2220,24,129
2221,24,1278
2222,24,155
2223,24,1279
2224,24,1280
2225,24,1281
2226,24,190
2227,24,192
2228,24,1224
2229,24,193
2230,24,1282
2231,24,213
2232,24,1283
2233,24,1284
2234,24,1285
2235,24,250
2236,24,934
2237,24,253
2238,24,936
2239,24,1226
2240,24,256
2241,24,1286
2242,24,1229
2243,24,847
2244,24,270
2245,24,1287
2246,24,277
2247,24,1288
2248,24,303
2249,24,325
2250,24,353
2251,24,396
2252,24,421
2253,24,1289
2254,24,445
2255,24,1290
2256,24,865
2257,24,452
2258,24,454
2259,24,456
2260,24,1291
2261,24,1292
2262,24,1293
2263,24,501
2264,24,1294
2265,24,1295
2266,24,525
2267,24,1158
2268,24,540
2269,24,1296
2270,24,556
2271,24,573
2272,24,575
2273,24,578
2274,24,1297
2275,24,580
2276,24,581
2277,24,1298
2278,24,1299
2279,24,1300
2280,24,630
2281,24,1301
2282,24,1302
2283,24,647
2284,24,665
2285,24,1303
2286,24,667
2287,24,671
2288,24,1304
2289,24,676
2290,24,678
2291,24,1305
2292,24,691
2293,24,1306
2294,24,709
2295,24,1307
2296,24,1308
2297,24,1309
2298,24,750
2299,24,1310
2300,24,1311
2301,24,1312
2302,24,807
2303,24,811
2304,25,2
2305,25,8
2306,25,16
2307,25,1313
2308,25,1314
2309,25,32
2310,25,43
2311,25,1315
2312,25,72
2313,25,1316
2314,25,1317
2315,25,1318
2316,25,1319
2317,25,94
2318,25,105
2319,25,112
2320,25,1320
2321,25,122
2322,25,1321
2323,25,1322
2324,25,153
2325,25,155
2326,25,1323
2327,25,163
2328,25,174
2329,25,1324
2330,25,188
2331,25,190
2332,25,1325
2333,25,1326
2334,25,1327
2335,25,1328
2336,25,224
2337,25,227
2338,25,1329
2339,25,1330
2340,25,1331
2341,25,250
2342,25,262
2343,25,269
2344,25,1332
2345,25,287
2346,25,1333
2347,25,317
2348,25,1334
2349,25,1335
2350,25,1336
2351,25,365
2352,25,384
2353,25,1337
2354,25,1338
2355,25,400
2356,25,414
2357,25,1339
2358,25,430
2359,25,445
2360,25,479
2361,25,1340
2362,25,1341
2363,25,488
2364,25,1342
2365,25,510
2366,25,514
2367,25,1343
2368,25,522
2369,25,545
2370,25,556
2371,25,561
2372,25,573
2373,25,591
2374,25,1344
2375,25,612
2376,25,1345
2377,25,630
2378,25,1346
2379,25,1347
2380,25,643
2381,25,1348
2382,25,1349
2383,25,665
2384,25,676
2385,25,684
2386,25,689
2387,25,1350
2388,25,706
2389,25,709
2390,25,732
2391,25,1351
2392,25,750
2393,25,759
2394,25,1352
2395,25,784
2396,25,785
2397,25,1353
2398,25,1354
2399,25,807
2400,25,1355
2401,26,4
2402,26,1026
2403,26,32
2404,26,1356
2405,26,1357
2406,26,34
2407,26,1358
2408,26,1359
2409,26,43
2410,26,1360
2411,26,1361
2412,26,61
2413,26,1362
2414,26,74
2415,26,84
2416,26,1363
2417,26,96
2418,26,107
2419,26,112
2420,26,1364
2421,26,124
2422,26,136
2423,26,138
2424,26,1365
2425,26,155
2426,26,160
2427,26,163
2428,26,1366
2429,26,190
2430,26,1367
2431,26,213
2432,26,221
2433,26,222
2434,26,227
2435,26,1368
2436,26,1369
2437,26,242
2438,26,1370
2439,26,1371
2440,26,1372
2441,26,250
2442,26,938
2443,26,269
2444,26,287
2445,26,329
2446,26,1373
2447,26,1374
2448,26,359
2449,26,365
2450,26,368
2451,26,1375
2452,26,1236
2453,26,385
2454,26,394
2455,26,1376
2456,26,400
2457,26,409
2458,26,1377
2459,26,1378
2460,26,445
2461,26,1379
2462,26,1380
2463,26,1381
2464,26,477
2465,26,1382
2466,26,1383
2467,26,1384
2468,26,1385
2469,26,1386
2470,26,1387
2471,26,490
2472,26,501
2473,26,511
2474,26,513
2475,26,1388
2476,26,520
2477,26,1389
2478,26,523
2479,26,540
2480,26,1390
2481,26,552
2482,26,556
2483,26,1391
2484,26,573
2485,26,591
2486,26,593
2487,26,595
2488,26,1392
2489,26,608
2490,26,612
2491,26,621
2492,26,1393
2493,26,630
2494,26,643
2495,26,1394
2496,26,662
2497,26,665
2498,26,676
2499,26,682
2500,26,1395
2501,26,1396
2502,26,1397
2503,26,691
2504,26,694
2505,26,708
2506,26,709
2507,26,740
2508,26,748
2509,26,1398
2510,26,750
2511,26,1399
2512,26,756
2513,26,1400
2514,26,1401
2515,26,779
2516,26,1020
2517,26,1402
2518,27,8
2519,27,43
2520,27,52
2521,27,54
2522,27,61
2523,27,1403
2524,27,1404
2525,27,1405
2526,27,105
2527,27,112
2528,27,1406
2529,27,122
2530,27,1407
2531,27,155
2532,27,1408
2533,27,174
2534,27,185
2535,27,200
2536,27,213
2537,27,224
2538,27,227
2539,27,1409
2540,27,250
2541,27,1410
2542,27,282
2543,27,287
2544,27,325
2545,27,1335
2546,27,384
2547,27,1411
2548,27,1338
2549,27,1412
2550,27,1413
2551,27,443
2552,27,445
2553,27,463
2554,27,1381
2555,27,1414
2556,27,507
2557,27,519
2558,27,1415
2559,27,540
2560,27,573
2561,27,1416
2562,27,1417
2563,27,1418
2564,27,1419
2565,27,665
2566,27,1420
2567,27,676
2568,27,689
2569,27,709
2570,27,1421
2571,27,750
2572,27,1422
2573,27,779
2574,27,1423
2575,27,1424
2576,27,1425
2577,27,807
2578,27,1426
2579,27,1427
2580,27,1428
2581,28,4
2582,28,1064
2583,28,20
2584,28,28
2585,28,1429
2586,28,43
2587,28,52
2588,28,74
2589,28,84
2590,28,94
2591,28,105
2592,28,1430
2593,28,122
2594,28,124
2595,28,1431
2596,28,1432
2597,28,155
2598,28,163
2599,28,164
2600,28,185
2601,28,190
2602,28,213
2603,28,227
2604,28,1409
2605,28,250
2606,28,269
2607,28,287
2608,28,1433
2609,28,319
2610,28,325
2611,28,329
2612,28,359
2613,28,365
2614,28,1236
2615,28,384
2616,28,396
2617,28,400
2618,28,414
2619,28,1434
2620,28,445
2621,28,1435
2622,28,1436
2623,28,1437
2624,28,1438
2625,28,1439
2626,28,1381
2627,28,510
2628,28,1415
2629,28,540
2630,28,1440
2631,28,556
2632,28,573
2633,28,591
2634,28,1441
2635,28,612
2636,28,665
2637,28,1420
2638,28,1442
2639,28,1443
2640,28,709
2641,28,1444
2642,28,730
2643,28,759
2644,28,779
2645,28,807
2646,28,1445
2647,28,1446
2648,28,822
2649,29,12
2650,29,1447
2651,29,42
2652,29,1448
2653,29,1449
2654,29,94
2655,29,1450
2656,29,105
2657,29,112
2658,29,115
2659,29,132
2660,29,1451
2661,29,1452
2662,29,1453
2663,29,1454
2664,29,1455
2665,29,1456
2666,29,1457
2667,29,139
2668,29,1458
2669,29,162
2670,29,190
2671,29,1459
2672,29,250
2673,29,1460
2674,29,1461
2675,29,256
2676,29,1227
2677,29,845
2678,29,287
2679,29,290
2680,29,1462
2681,29,943
2682,29,1463
2683,29,945
2684,29,1464
2685,29,1465
2686,29,1466
2687,29,1467
2688,29,325
2689,29,1468
2690,29,1469
2691,29,1470
2692,29,1471
2693,29,1472
2694,29,1473
2695,29,368
2696,29,1474
2697,29,1475
2698,29,369
2699,29,1476
2700,29,400
2701,29,1477
2702,29,1478
2703,29,1479
2704,29,402
2705,29,1480
2706,29,1481
2707,29,1482
2708,29,1483
2709,29,1484
2710,29,433
2711,29,445
2712,29,451
2713,29,452
2714,29,454
2715,29,1485
2716,29,1486
2717,29,1487
2718,29,1488
2719,29,1489
2720,29,490
2721,29,1490
2722,29,1491
2723,29,1492
2724,29,1493
2725,29,1494
2726,29,1495
2727,29,505
2728,29,1496
2729,29,525
2730,29,1497
2731,29,536
2732,29,1498
2733,29,573
2734,29,1499
2735,29,577
2736,29,1500
2737,29,580
2738,29,1501
2739,29,591
2740,29,1502
2741,29,609
2742,29,612
2743,29,625
2744,29,1503
2745,29,643
2746,29,662
2747,29,665
2748,29,1504
2749,29,1505
2750,29,667
2751,29,1262
2752,29,1506
2753,29,1507
2754,29,676
2755,29,678
2756,29,1508
2757,29,681
2758,29,691
2759,29,1509
2760,29,1510
2761,29,1511
2762,29,702
2763,29,709
2764,29,1512
2765,29,1513
2766,29,1514
2767,29,1515
2768,29,1516
2769,29,1517
2770,30,19
2771,30,1314
2772,30,32
2773,30,43
2774,30,1518
2775,30,52
2776,30,72
2777,30,74
2778,30,1519
2779,30,94
2780,30,107
2781,30,1520
2782,30,123
2783,30,155
2784,30,1521
2785,30,159
2786,30,1522
2787,30,163
2788,30,168
2789,30,177
2790,30,1523
2791,30,185
2792,30,190
2793,30,208
2794,30,1524
2795,30,224
2796,30,1409
2797,30,250
2798,30,269
2799,30,287
2800,30,325
2801,30,329
2802,30,341
2803,30,384
2804,30,400
2805,30,414
2806,30,1525
2807,30,445
2808,30,1526
2809,30,1527
2810,30,1528
2811,30,489
2812,30,501
2813,30,510
2814,30,512
2815,30,515
2816,30,519
2817,30,1529
2818,30,1530
2819,30,537
2820,30,573
2821,30,591
2822,30,1531
2823,30,630
2824,30,649
2825,30,665
2826,30,1532
2827,30,676
2828,30,689
2829,30,709
2830,30,717
2831,30,1533
2832,30,1534
2833,30,750
2834,30,759
2835,30,763
2836,30,779
2837,30,1536
2838,30,808
2839,30,1537
2840,30,1538
2841,30,1539
2842,31,4
2843,31,1540
2844,31,74
2845,31,84
2846,31,1541
2847,31,94
2848,31,105
2849,31,112
2850,31,124
2851,31,155
2852,31,163
2853,31,174
2854,31,1542
2855,31,185
2856,31,190
2857,31,205
2858,31,1543
2859,31,211
2860,31,222
2861,31,1544
2862,31,1545
2863,31,246
2864,31,250
2865,31,269
2866,31,273
2867,31,287
2868,31,317
2869,31,365
2870,31,384
2871,31,400
2872,31,413
2873,31,1546
2874,31,445
2875,31,1547
2876,31,466
2877,31,480
2878,31,481
2879,31,488
2880,31,490
2881,31,501
2882,31,1548
2883,31,537
2884,31,1549
2885,31,545
2886,31,550
2887,31,556
2888,31,572
2889,31,591
2890,31,665
2891,31,676
2892,31,689
2893,31,1550
2894,31,709
2895,31,1551
2896,31,1552
2897,31,1553
2898,31,732
2899,31,748
2900,31,759
2901,31,1554
2902,31,822
2903,32,4
2904,32,52
2905,32,72
2906,32,94
2907,32,107
2908,32,1555
2909,32,123
2910,32,155
2911,32,163
2912,32,1556
2913,32,177
2914,32,1557
2915,32,185
2916,32,190
2917,32,1558
2918,32,213
2919,32,224
2920,32,250
2921,32,269
2922,32,1332
2923,32,287
2924,32,329
2925,32,384
2926,32,445
2927,32,465
2928,32,507
2929,32,511
2930,32,515
2931,32,519
2932,32,573
2933,32,591
2934,32,630
2935,32,633
2936,32,647
2937,32,665
2938,32,676
2939,32,689
2940,32,709
2941,32,720
2942,32,732
2943,32,750
2944,32,759
2945,32,1559
2946,32,771
2947,32,808
2948,33,4
2949,33,1560
2950,33,43
2951,33,55
2952,33,70
2953,33,72
2954,33,1561
2955,33,74
2956,33,94
2957,33,105
2958,33,112
2959,33,1562
2960,33,153
2961,33,155
2962,33,163
2963,33,164
2964,33,174
2965,33,185
2966,33,190
2967,33,1563
2968,33,227
2969,33,1564
2970,33,1330
2971,33,250
2972,33,269
2973,33,1332
2974,33,282
2975,33,287
2976,33,311
2977,33,317
2978,33,365
2979,33,385
2980,33,1565
2981,33,1377
2982,33,433
2983,33,445
2984,33,1566
2985,33,466
2986,33,1528
2987,33,479
2988,33,1567
2989,33,1568
2990,33,1569
2991,33,519
2992,33,1570
2993,33,545
2994,33,556
2995,33,573
2996,33,575
2997,33,1571
2998,33,630
2999,33,1572
3000,33,643
3001,33,1573
3002,33,665
3003,33,676
3004,33,689
3005,33,709
3006,33,718
3007,33,750
3008,33,759
3009,33,779
3010,33,1574
3011,33,1575
3012,33,1576
3013,33,1577
3014,33,1578
3015,33,1579
3016,33,1426
3017,33,1580
3018,33,1581
3019,33,1582
3020,34,16
3021,34,1583
3022,34,1584
3023,34,43
3024,34,1561
3025,34,74
3026,34,96
3027,34,105
3028,34,112
3029,34,123
3030,34,1585
3031,34,153
3032,34,155
3033,34,160
3034,34,163
3035,34,1586
3036,34,185
3037,34,188
3038,34,190
3039,34,214
3040,34,1587
3041,34,224
3042,34,1588
3043,34,242
3044,34,250
3045,34,269
3046,34,273
3047,34,287
3048,34,329
3049,34,340
3050,34,352
3051,34,384
3052,34,400
3053,34,1589
3054,34,414
3055,34,430
3056,34,445
3057,34,1547
3058,34,1590
3059,34,1591
3060,34,507
3061,34,1592
3062,34,537
3063,34,552
3064,34,1593
3065,34,573
3066,34,591
3067,34,1594
3068,34,1595
3069,34,630
3070,34,644
3071,34,647
3072,34,661
3073,34,665
3074,34,674
3075,34,676
3076,34,689
3077,34,709
3078,34,717
3079,34,732
3080,34,1596
3081,34,738
3082,34,1351
3083,34,748
3084,34,750
3085,34,759
3086,34,1597
3087,34,779
3088,34,782
3089,34,807
3090,34,1598
3091,34,822
3092,35,4
3093,35,43
3094,35,52
3095,35,1599
3096,35,72
3097,35,74
3098,35,84
3099,35,86
3100,35,1600
3101,35,107
3102,35,112
3103,35,123
3104,35,153
3105,35,155
3106,35,159
3107,35,163
3108,35,168
3109,35,174
3110,35,185
3111,35,190
3112,35,1326
3113,35,227
3114,35,1329
3115,35,250
3116,35,266
3117,35,269
3118,35,273
3119,35,287
3120,35,311
3121,35,315
3122,35,333
3123,35,1601
3124,35,365
3125,35,384
3126,35,394
3127,35,1602
3128,35,1603
3129,35,414
3130,35,445
3131,35,480
3132,35,507
3133,35,512
3134,35,1605
3135,35,540
3136,35,545
3137,35,556
3138,35,573
3139,35,1606
3140,35,615
3141,35,620
3142,35,1607
3143,35,647
3144,35,1608
3145,35,1609
3146,35,665
3147,35,676
3148,35,689
3149,35,709
3150,35,1610
3151,35,1611
3152,35,732
3153,35,1351
3154,35,748
3155,35,750
3156,35,759
3157,35,1559
3158,35,1352
3159,35,807
3160,35,814
3161,35,1613
3162,35,1604
3163,35,1612
3164,36,1614
3165,36,1615
3166,36,16
3167,36,1616
3168,36,69
3169,36,70
3170,36,1617
3171,36,94
3172,36,105
3173,36,112
3174,36,114
3175,36,139
3176,36,1618
3177,36,1619
3178,36,153
3179,36,155
3180,36,1620
3181,36,160
3182,36,1621
3183,36,1622
3184,36,1623
3185,36,162
3186,36,163
3187,36,1325
3188,36,213
3189,36,1624
3190,36,1625
3191,36,250
3192,36,936
3193,36,256
3194,36,1626
3195,36,1627
3196,36,268
3197,36,272
3198,36,943
3199,36,303
3200,36,850
3201,36,306
3202,36,325
3203,36,1235
3204,36,1628
3205,36,400
3206,36,402
3207,36,1629
3208,36,445
3209,36,491
3210,36,505
3211,36,513
3212,36,1630
3213,36,516
3214,36,520
3215,36,1631
3216,36,522
3217,36,525
3218,36,1158
3219,36,561
3220,36,573
3221,36,579
3222,36,581
3223,36,591
3224,36,884
3225,36,1632
3226,36,630
3227,36,1633
3228,36,1261
3229,36,1178
3230,36,665
3231,36,1634
3232,36,894
3233,36,676
3234,36,895
3235,36,897
3236,36,1635
3237,36,691
3238,36,696
3239,36,697
3240,36,709
3241,36,750
3242,36,1636
3243,36,1637
3244,36,811
3245,36,1582
3246,36,1537
3247,36,829
3248,37,1064
3249,37,1638
3250,37,1639
3251,37,69
3252,37,70
3253,37,1640
3254,37,94
3255,37,105
3256,37,107
3257,37,115
3258,37,132
3259,37,139
3260,37,1641
3261,37,835
3262,37,153
3263,37,155
3264,37,923
3265,37,1642
3266,37,162
3267,37,163
3268,37,1643
3269,37,190
3270,37,1
3271,37,1645
3272,37,227
3273,37,1646
3274,37,250
3275,37,253
3276,37,1647
3277,37,936
3278,37,262
3279,37,847
3280,37,272
3281,37,1649
3282,37,325
3283,37,1235
3284,37,1236
3285,37,375
3286,37,2
3287,37,396
3288,37,400
3289,37,1651
3290,37,1652
3291,37,407
3292,37,1653
3293,37,466
3294,37,490
3295,37,1654
3296,37,1655
3297,37,494
3298,37,501
3299,37,525
3300,37,561
3301,37,581
3302,37,573
3303,37,591
3304,37,1659
3305,37,1298
3306,37,608
3307,37,612
3308,37,641
3309,37,643
3310,37,648
3311,37,662
3312,37,676
3313,37,678
3314,37,691
3315,37,702
3316,37,709
3317,37,1660
3318,37,1308
3319,37,1661
3320,37,750
3321,37,1662
3322,37,1663
3323,37,811
3324,37,829
3325,38,4
3326,38,6
3327,38,34
3328,38,1664
3329,38,61
3330,38,1665
3331,38,69
3332,38,1068
3333,38,94
3334,38,105
3335,38,115
3336,38,139
3337,38,1666
3338,38,155
3339,38,159
3340,38,1642
3341,38,163
3342,38,190
3343,38,1667
3344,38,1668
3345,38,213
3346,38,215
3347,38,216
3348,38,250
3349,38,262
3350,38,268
3351,38,299
3352,38,302
3353,38,1669
3354,38,1670
3355,38,303
3356,38,850
3357,38,851
3358,38,1671
3359,38,306
3360,38,853
3361,38,855
3362,38,857
3363,38,318
3364,38,319
3365,38,1672
3366,38,1673
3367,38,1235
3368,38,384
3369,38,1674
3370,38,1117
3371,38,1675
3372,38,1676
3373,38,1677
3374,38,1678
3375,38,387
3376,38,407
3377,38,414
3378,38,1679
3379,38,1680
3380,38,1681
3381,38,1682
3382,38,1683
3383,38,1684
3384,38,445
3385,38,1685
3386,38,463
3387,38,1686
3388,38,1687
3389,38,510
3390,38,1688
3391,38,1689
3392,38,1690
3393,38,1691
3394,38,1692
3395,38,1693
3396,38,1694
3397,38,1695
3398,38,525
3399,38,1158
3400,38,1696
3401,38,1697
3402,38,573
3403,38,1698
3404,38,591
3405,38,596
3406,38,1699
3407,38,1298
3408,38,1700
3409,38,608
3410,38,1701
3411,38,630
3412,38,643
3413,38,655
3414,38,664
3415,38,665
3416,38,1420
3417,38,676
3418,38,1182
3419,38,897
3420,38,696
3421,38,1005
3422,38,1702
3423,38,709
3424,38,1009
3425,38,1703
3426,38,1704
3427,38,1705
3428,38,750
3429,38,1706
3430,38,753
3431,38,759
3432,38,1707
3433,38,1708
3434,38,1709
3435,38,1710
3436,39,4
3437,39,6
3438,39,7
3439,39,34
3440,39,35
3441,39,43
3442,39,61
3443,39,94
3444,39,105
3445,39,129
3446,39,155
3447,39,160
3448,39,1221
3449,39,168
3450,39,170
3451,39,190
3452,39,213
3453,39,1409
3454,39,250
3455,39,938
3456,39,277
3457,39,306
3458,39,319
3459,39,365
3460,39,1628
3461,39,400
3462,39,407
3463,39,1603
3464,39,1711
3465,39,445
3466,39,501
3467,39,513
3468,39,525
3469,39,536
3470,39,557
3471,39,573
3472,39,581
3473,39,630
3474,39,641
3475,39,665
3476,39,671
3477,39,676
3478,39,691
3479,39,709
3480,39,1712
3481,39,750
3482,39,1662
3483,39,1713
3484,39,810
3485,39,1714
3486,40,6
3487,40,16
3488,40,1715
3489,40,94
3490,40,105
3491,40,112
3492,40,114
3493,40,1716
3494,40,139
3495,40,140
3496,40,1717
3497,40,1718
3498,40,1719
3499,40,1720
3500,40,835
3501,40,1721
3502,40,153
3503,40,155
3504,40,1722
3505,40,163
3506,40,1723
3507,40,190
3508,40,1724
3509,40,213
3510,40,216
3511,40,1725
3512,40,250
3513,40,253
3514,40,936
3515,40,268
3516,40,270
3517,40,1726
3518,40,1727
3519,40,306
3520,40,853
3521,40,1728
3522,40,1729
3523,40,1235
3524,40,375
3525,40,491
3526,40,1730
3527,40,1731
3528,40,1732
3529,40,501
3530,40,508
3531,40,525
3532,40,529
3533,40,1733
3534,40,573
3535,40,580
3536,40,591
3537,40,595
3538,40,608
3539,40,612
3540,40,618
3541,40,1301
3542,40,639
3543,40,1734
3544,40,648
3545,40,649
3546,40,1735
3547,40,676
3548,40,1182
3549,40,1736
3550,40,1737
3551,40,691
3552,40,692
3553,40,697
3554,40,709
3555,40,750
3556,40,767
3557,40,1738
3558,40,1739
3559,41,24
3560,41,1740
3561,41,1741
3562,41,40
3563,41,1742
3564,41,112
3565,41,1743
3566,41,1744
3567,41,1745
3568,41,1746
3569,41,163
3570,41,1747
3571,41,190
3572,41,250
3573,41,269
3574,41,270
3575,41,1748
3576,41,1749
3577,41,1236
3578,41,1750
3579,41,1527
3580,41,522
3581,41,525
3582,41,591
3583,41,1751
3584,41,1752
3585,41,745
3586,41,747
3587,41,1753
3588,41,781
3589,41,785
3590,42,1754
3591,42,4
3592,42,1755
3593,42,43
3594,42,54
3595,42,70
3596,42,74
3597,42,84
3598,42,105
3599,42,112
3600,42,114
3601,42,124
3602,42,1756
3603,42,155
3604,42,159
3605,42,163
3606,42,1757
3607,42,1758
3608,42,1759
3609,42,174
3610,42,1760
3611,42,1761
3612,42,1762
3613,42,1763
3614,42,1764
3615,42,190
3616,42,1325
3617,42,213
3618,42,224
3619,42,1765
3620,42,227
3621,42,1329
3622,42,238
3623,42,1409
3624,42,250
3625,42,262
3626,42,268
3627,42,1766
3628,42,1767
3629,42,283
3630,42,287
3631,42,1768
3632,42,1769
3633,42,325
3634,42,1374
3635,42,1770
3636,42,365
3637,42,371
3638,42,375
3639,42,384
3640,42,394
3641,42,1338
3642,42,400
3643,42,414
3644,42,1771
3645,42,1772
3646,42,1773
3647,42,1774
3648,42,1775
3649,42,1776
3650,42,445
3651,42,1777
3652,42,1778
3653,42,480
3654,42,1384
3655,42,490
3656,42,1779
3657,42,512
3658,42,1780
3659,42,1781
3660,42,523
3661,42,525
3662,42,540
3663,42,1782
3664,42,545
3665,42,1783
3666,42,552
3667,42,556
3668,42,573
3669,42,591
3670,42,1784
3671,42,1785
3672,42,608
3673,42,630
3674,42,637
3675,42,647
3676,42,1786
3677,42,1787
3678,42,662
3679,42,665
3680,42,676
3681,42,682
3682,42,694
3683,42,1187
3684,42,1788
3685,42,1789
3686,42,1790
3687,42,709
3688,42,1791
3689,42,748
3690,42,750
3691,42,756
3692,42,759
3693,42,1792
3694,42,773
3695,42,779
3696,42,1793
3697,42,1794
3698,42,1795
3699,42,1796
3700,42,1797
3701,42,815
3702,43,6
3703,43,7
3704,43,1798
3705,43,1799
3706,43,70
3707,43,94
3708,43,107
3709,43,1800
3710,43,114
3711,43,116
3712,43,124
3713,43,132
3714,43,139
3715,43,153
3716,43,1801
3717,43,1802
3718,43,1803
3719,43,1622
3720,43,1804
3721,43,1805
3722,43,1085
3723,43,1086
3724,43,1806
3725,43,190
3726,43,192
3727,43,213
3728,43,1807
3729,43,1808
3730,43,1809
3731,43,216
3732,43,222
3733,43,227
3734,43,1329
3735,43,1810
3736,43,1811
3737,43,248
3738,43,250
3739,43,253
3740,43,1812
3741,43,847
3742,43,277
3743,43,299
3744,43,1813
3745,43,1814
3746,43,1815
3747,43,303
3748,43,1816
3749,43,306
3750,43,853
3751,43,325
3752,43,1817
3753,43,1818
3754,43,1819
3755,43,359
3756,43,1820
3757,43,365
3758,43,1821
3759,43,388
3760,43,1822
3761,43,1823
3762,43,1824
3763,43,1825
3764,43,1826
3765,43,1827
3766,43,1828
3767,43,1829
3768,43,1830
3769,43,1831
3770,43,1832
3771,43,1833
3772,43,400
3773,43,1477
3774,43,415
3775,43,1834
3776,43,1835
3777,43,1836
3778,43,1837
3779,43,1838
3780,43,1839
3781,43,1840
3782,43,1841
3783,43,1842
3784,43,1843
3785,43,1844
3786,43,445
3787,43,451
3788,43,452
3789,43,454
3790,43,1845
3791,43,463
3792,43,491
3793,43,497
3794,43,525
3795,43,529
3796,43,532
3797,43,540
3798,43,1846
3799,43,1847
3800,43,1848
3801,43,1849
3802,43,1850
3803,43,1851
3804,43,556
3805,43,1852
3806,43,1853
3807,43,573
3808,43,579
3809,43,977
3810,43,1854
3811,43,591
3812,43,593
3813,43,1855
3814,43,1441
3815,43,885
3816,43,1632
3817,43,641
3818,43,645
3819,43,1856
3820,43,665
3821,43,667
3822,43,671
3823,43,1420
3824,43,676
3825,43,678
3826,43,691
3827,43,694
3828,43,697
3829,43,1857
3830,43,709
3831,43,1858
3832,43,1859
3833,43,1860
3834,43,1861
3835,43,1862
3836,43,1863
3837,43,750
3838,43,756
3839,43,760
3840,43,1864
3841,43,1865
3842,43,1866
3843,43,1867
3844,43,1868
3845,43,1869
3846,43,1870
3847,43,1871
3848,43,1872
3849,43,1873
3850,43,1874
3851,43,1875
3852,43,811
3853,43,1876
3854,43,829
3855,44,1374
3856,44,1877
3857,44,490
3858,44,1878
3859,44,1879
3860,44,1880
3861,44,1881
3862,44,1882
3863,45,1883
3864,45,52
3865,45,137
3866,45,1884
3867,45,163
3868,45,1885
3869,45,1886
3870,45,269
3871,45,1877
3872,45,1887
3873,45,1888
3874,45,1889
3875,45,591
3876,45,709
3877,45,1890
3878,47,1891
3879,47,107
3880,47,123
3881,47,1892
3882,47,1893
3883,47,177
3884,47,188
3885,47,190
3886,47,211
3887,47,222
3888,47,1894
3889,47,287
3890,47,340
3891,47,1895
3892,47,442
3893,47,445
3894,47,488
3895,47,1896
3896,47,535
3897,47,1897
3898,47,573
3899,47,599
3900,47,1898
3901,47,647
3902,47,1899
3903,47,709
3904,47,1900
3905,47,748
3906,47,750
3907,47,759
3908,47,816
3909,46,2
3910,46,4
3911,46,91
3912,46,119
3913,46,123
3914,46,124
3915,46,1901
3916,46,163
3917,46,1903
3918,46,174
3919,46,190
3920,46,1908
3921,46,365
3922,46,466
3923,46,481
3924,46,490
3925,46,1440
3926,46,545
3927,46,556
3928,46,591
3929,46,1918
3930,46,1921
3931,46,683
3932,46,1924
3933,46,1399
3934,50,4
3935,50,8
3936,50,13
3937,50,1026
3938,50,16
3939,50,1068
3940,50,94
3941,50,99
3942,50,102
3943,50,112
3944,50,114
3945,50,119
3946,50,137
3947,50,153
3948,50,163
3949,50,1902
3950,50,174
3951,50,1764
3952,50,185
3953,50,188
3954,50,190
3955,50,1905
3956,50,222
3957,50,1906
3958,50,1907
3959,50,1909
3960,50,266
3961,50,269
3962,50,270
3963,50,311
3964,50,1911
3965,50,350
3966,50,365
3967,50,375
3968,50,379
3969,50,1913
3970,50,466
3971,50,479
3972,50,1914
3973,50,490
3974,50,515
3975,50,1916
3976,50,556
3977,50,1593
3978,50,591
3979,50,1917
3980,50,612
3981,50,625
3982,50,1919
3983,50,1920
3984,50,643
3985,50,1923
3986,50,647
3987,50,659
3988,50,720
3989,50,1925
3990,50,1926
3991,50,746
3992,50,1399
3993,50,772
3994,50,784
3995,57,94
3996,57,105
3997,57,107
3998,57,114
3999,57,119
4000,57,155
4001,57,1747
4002,57,1285
4003,57,1236
4004,57,375
4005,57,396
4006,57,552
4007,57,612
4008,57,613
4009,57,625
4010,57,1396
4011,57,829
4012,51,4
4013,51,13
4014,51,222
4015,51,227
4016,51,1909
4017,51,365
4018,51,466
4019,51,490
4020,51,545
4021,51,556
4022,51,1922
4023,51,1927
4024,51,1399
4025,51,1928
4026,52,190
4027,52,1904
4028,53,6
4029,53,123
4030,53,1910
4031,53,365
4032,53,556
4033,53,1593
4034,54,1912
4035,54,433
4036,54,1915
4037,55,123
4038,55,174
4039,55,709
4040,48,52
4041,48,54
4042,48,112
4043,48,153
4044,48,163
4045,48,185
4046,48,190
4047,48,1929
4048,48,269
4049,48,1930
4050,48,1931
4051,48,1932
4052,48,479
4053,48,561
4054,48,591
4055,48,1419
4056,49,112
4057,49,153
4058,49,185
4059,49,190
4060,49,269
4061,49,591
4062,49,1933
4063,56,6
4064,56,1718
4065,56,1934
4066,56,1935
4067,56,139
4068,56,190
4069,56,756
4070,18,525
4071,58,6
4072,58,32
4073,58,1210
4074,58,1936
4075,58,1211
4076,58,1937
4077,58,1938
4078,58,43
4079,58,1939
4080,58,1940
4081,58,74
4082,58,1068
4083,58,1941
4084,58,94
4085,58,107
4086,58,114
4087,58,1942
4088,58,155
4089,58,1943
4090,58,1944
4091,58,1945
4092,58,1946
4093,58,190
4094,58,1947
4095,58,1948
4096,58,1949
4097,58,208
4098,58,216
4099,58,213
4100,58,1950
4101,58,227
4102,58,1951
4103,58,241
4104,58,1952
4105,58,1810
4106,58,248
4107,58,1953
4108,58,253
4109,58,1954
4110,58,1955
4111,58,1956
4112,58,250
4113,58,262
4114,58,1957
4115,58,268
4116,58,1958
4117,58,290
4118,58,1462
4119,58,943
4120,58,1959
4121,58,287
4122,58,303
4123,58,850
4124,58,359
4125,58,364
4126,58,1960
4127,58,1961
4128,58,396
4129,58,1962
4130,58,1963
4131,58,1964
4132,58,400
4133,58,1965
4134,58,1966
4135,58,1967
4136,58,451
4137,58,452
4138,58,454
4139,58,455
4140,58,445
4141,58,490
4142,58,494
4143,58,1968
4144,58,1969
4145,58,872
4146,58,1970
4147,58,501
4148,58,1971
4149,58,525
4150,58,1972
4151,58,1973
4152,58,1974
4153,58,529
4154,58,1733
4155,58,532
4156,58,536
4157,58,557
4158,58,1975
4159,58,573
4160,58,585
4161,58,586
4162,58,587
4163,58,591
4164,58,1991
4165,58,596
4166,58,1976
4167,58,598
4168,58,1977
4169,58,1978
4170,58,630
4171,58,1979
4172,58,643
4173,58,1980
4174,58,1981
4175,58,668
4176,58,665
4177,58,671
4178,58,676
4179,58,678
4180,58,896
4181,58,694
4182,58,696
4183,58,697
4184,58,691
4185,58,1982
4186,58,702
4187,58,709
4188,58,1983
4189,58,1984
4190,58,715
4191,58,1985
4192,58,1986
4193,58,748
4194,58,1987
4195,58,750
4196,58,1988
4197,58,1989
4198,58,1990
4199,58,811
4200,58,829
4201,59,6
4202,59,831
4203,59,34
4204,59,1992
4205,59,1993
4206,59,55
4207,59,1068
4208,59,94
4209,59,107
4210,59,115
4211,59,556
4212,59,129
4213,59,1994
4214,59,164
4215,59,1995
4216,59,1996
4217,59,168
4218,59,1997
4219,59,1998
4220,59,1999
4221,59,2000
4222,59,190
4223,59,192
4224,59,1325
4225,59,1809
4226,59,216
4227,59,2001
4228,59,840
4229,59,2002
4230,59,2003
4231,59,2004
4232,59,2005
4233,59,2006
4234,59,2007
4235,59,2008
4236,59,248
4237,59,250
4238,59,1953
4239,59,935
4240,59,936
4241,59,2009
4242,59,1812
4243,59,270
4244,59,287
4245,59,288
4246,59,941
4247,59,290
4248,59,291
4249,59,1462
4250,59,943
4251,59,2010
4252,59,2011
4253,59,319
4254,59,359
4255,59,2012
4256,59,2013
4257,59,2014
4258,59,396
4259,59,400
4260,59,2015
4261,59,2016
4262,59,2017
4263,59,407
4264,59,1603
4265,59,2018
4266,59,2019
4267,59,2020
4268,59,2021
4269,59,445
4270,59,2022
4271,59,452
4272,59,2023
4273,59,463
4274,59,501
4275,59,523
4276,59,525
4277,59,529
4278,59,1733
4279,59,2024
4280,59,2025
4281,59,532
4282,59,2026
4283,59,536
4284,59,2027
4285,59,2028
4286,59,2029
4287,59,2030
4288,59,2031
4289,59,2032
4290,59,2033
4291,59,573
4292,59,882
4293,59,579
4294,59,580
4295,59,2034
4296,59,977
4297,59,601
4298,59,885
4299,59,2035
4300,59,2036
4301,59,888
4302,59,890
4303,59,2037
4304,59,2038
4305,59,630
4306,59,2039
4307,59,2040
4308,59,2041
4309,59,2042
4310,59,2043
4311,59,2044
4312,59,2045
4313,59,2046
4314,59,2047
4315,59,665
4316,59,2048
4317,59,2049
4318,59,1420
4319,59,676
4320,59,2050
4321,59,1635
4322,59,1305
4323,59,691
4324,59,694
4325,59,2051
4326,59,2052
4327,59,2053
4328,59,698
4329,59,709
4330,59,2054
4331,59,2055
4332,59,2056
4333,59,1705
4334,59,1013
4335,59,811
4336,59,2057
4337,59,829
4338,60,4
4339,60,2058
4340,60,43
4341,60,2059
4342,60,2060
4343,60,52
4344,60,72
4345,60,74
4346,60,2061
4347,60,1541
4348,60,94
4349,60,107
4350,60,2062
4351,60,123
4352,60,2063
4353,60,2064
4354,60,155
4355,60,2065
4356,60,1042
4357,60,2066
4358,60,2067
4359,60,177
4360,60,190
4361,60,224
4362,60,227
4363,60,1329
4364,60,2068
4365,60,2069
4366,60,2070
4367,60,246
4368,60,2071
4369,60,1625
4370,60,250
4371,60,251
4372,60,2072
4373,60,936
4374,60,2073
4375,60,2074
4376,60,2075
4377,60,2076
4378,60,2077
4379,60,287
4380,60,2078
4381,60,325
4382,60,329
4383,60,2079
4384,60,333
4385,60,368
4386,60,384
4387,60,1117
4388,60,387
4389,60,400
4390,60,2080
4391,60,407
4392,60,412
4393,60,414
4394,60,1684
4395,60,445
4396,60,2081
4397,60,2082
4398,60,1528
4399,60,512
4400,60,515
4401,60,519
4402,60,1605
4403,60,540
4404,60,2083
4405,60,547
4406,60,2084
4407,60,573
4408,60,575
4409,60,630
4410,60,633
4411,60,665
4412,60,676
4413,60,1181
4414,60,689
4415,60,2085
4416,60,698
4417,60,2086
4418,60,709
4419,60,717
4420,60,2087
4421,60,750
4422,60,2088
4423,60,759
4424,60,1559
4425,60,763
4426,60,779
4427,60,808
4428,60,2089
4429,60,821
4430,61,4
4431,61,43
4432,61,68
4433,61,72
4434,61,74
4435,61,107
4436,61,2090
4437,61,119
4438,61,139
4439,61,155
4440,61,176
4441,61,177
4442,61,188
4443,61,190
4444,61,224
4445,61,1907
4446,61,2092
4447,61,246
4448,61,250
4449,61,273
4450,61,277
4451,61,287
4452,61,365
4453,61,2098
4454,61,400
4455,61,407
4456,61,2091
4457,61,433
4458,61,443
4459,61,1546
4460,61,445
4461,61,1547
4462,61,1528
4463,61,481
4464,61,2093
4465,61,2094
4466,61,2095
4467,61,490
4468,61,1343
4469,61,519
4470,61,556
4471,61,573
4472,61,2096
4473,61,2097
4474,61,630
4475,61,639
4476,61,647
4477,61,665
4478,61,676
4479,61,689
4480,61,709
4481,61,716
4482,61,2099
4483,61,740
4484,61,748
4485,61,750
4486,61,1559
4487,61,1554
4488,61,779
4489,61,807
4490,61,2100
4491,62,1314
4492,62,43
4493,62,54
4494,62,94
4495,62,105
4496,62,119
4497,62,123
4498,62,155
4499,62,1521
4500,62,174
4501,62,190
4502,62,764
4503,62,250
4504,62,329
4505,62,430
4506,62,445
4507,62,1535
4508,62,519
4509,62,537
4510,62,2101
4511,62,599
4512,62,573
4513,62,630
4514,62,647
4515,62,689
4516,62,708
4517,62,747
4518,62,750
4519,62,759
4520,62,2102
4521,62,2103
4522,62,2104
4523,62,188
4524,62,2105
4525,62,185
4526,62,222
4527,62,269
4528,62,333
4529,62,400
4530,62,540
4531,62,717
4532,62,756
4533,62,807
4534,1,1648
4535,1,2110
4536,1,1644
4537,1,1650
4538,1,2107
4539,1,2108
4540,1,132
4541,1,214
4542,1,1656
4543,1,1657
4544,1,2106
4545,1,2109
4546,1,501
4547,1,595
4548,1,283
4549,1,1658
4550,1,573
4551,1,2111
4552,1,748
4553,1,779
4554,2,12
4555,2,114
4556,2,124
4557,2,158
4558,2,444
4559,2,454
4560,2,540
4561,2,584
4562,2,609
4563,2,618
4564,2,653
4565,2,655
4566,2,683
4567,2,691
4568,2,761
4569,2,1100
4570,2,1158
4571,2,1204
4572,2,1231
4573,2,1735
4574,2,1808
4575,2,1978
4576,2,2112
4577,2,2113
4578,2,2114
4579,2,2115
4580,2,2116
4581,2,2117
4582,18,91
4583,18,119
4584,18,124
4585,18,242
4586,18,306
4587,18,317
4588,18,322
4589,18,325
4590,18,371
4591,18,400
4592,18,412
4593,18,464
4594,18,466
4595,18,602
4596,18,618
4597,18,633
4598,18,643
4599,18,647
4600,18,653
4601,18,664
4602,18,683
4603,18,701
4604,18,726
4605,18,740
4606,18,748
4607,18,756
4608,18,771
4609,18,811
4610,18,815
4611,18,954
4612,18,1255
4613,18,1285
4614,18,1392
4615,18,1399
4616,18,1528
4617,18,1553
4618,18,1739
4619,18,1790
4620,18,1852
4621,18,1949
4622,18,2082
4623,18,2108
4624,18,2118
4625,18,2119
4626,18,2120
4627,18,2121
4628,18,2122
4629,18,2123
4630,18,2124
4631,18,2125
4632,18,2126
4633,18,2127
4634,18,2128
4635,18,2129
4636,18,2130
4637,18,2131
4638,18,2132
4639,18,2133
4640,18,2134
4641,18,2135
4642,18,2136
4643,18,2137
4644,18,2138
4645,18,2139
4646,18,2140
4647,18,2141
4648,18,2142
4649,18,2143
4650,18,2144
4651,18,2145
4652,18,2146
4653,18,2147
4654,18,2148
4655,18,2149
4656,18,2150
4657,18,2151
4658,18,2152
4659,18,2153
4660,18,2154
4661,18,2155
4662,18,2156
4663,18,2157
4664,18,2158
4665,18,2159
4666,18,2160
4667,18,2161
4668,18,2162
4669,18,2163
4670,18,2164
4671,18,2165
4672,18,2166
4673,18,2167
4674,18,2168
4675,18,2169
4676,18,2170
4677,18,2171
4678,18,2172
4679,18,2173
4680,18,2174
4681,18,2175
4682,18,2176
4683,18,2177
4684,18,2178
4685,18,2179
4686,18,2180
4687,12,72
4688,12,222
4689,12,2181
4690,12,273
4691,12,2182
4692,12,2183
4693,12,2184
4694,12,536
4695,12,2185
4696,12,1572
4697,12,647
4698,12,2186
4699,12,2187
4700,12,2188
4701,12,2189
4702,12,2190
4703,12,2191
4704,12,2192
4705,12,2193
4706,12,2194
4707,4,16
4708,4,34
4709,4,36
4710,4,164
4711,4,165
4712,4,227
4713,4,299
4714,4,306
4715,4,369
4716,4,447
4717,4,491
4718,4,850
4719,4,853
4720,4,855
4721,4,1099
4722,4,2195
4723,4,2196
4724,4,2197
4725,4,2198
4726,4,2199
4727,4,2200
4728,4,2201
4729,4,2202
4730,4,2203
4731,4,365
4732,4,445
4733,4,540
