id,university_major_navi_id,study_subarea_id
1,1,92
2,785,56
3,1013,56
4,1082,56
5,2304,56
6,3909,56
7,786,56
8,786,55
9,2,56
10,448,56
11,820,56
12,923,56
13,1173,56
14,1279,56
15,1337,56
16,2401,56
17,2581,56
18,2842,56
19,2903,56
20,2948,56
21,3092,56
22,3325,56
23,3436,56
24,3591,56
25,3910,56
26,3934,56
27,4012,56
28,663,56
29,663,51
30,106,56
31,156,56
32,289,56
33,566,56
34,664,56
35,1453,56
36,1593,56
37,1841,56
38,3326,56
39,3437,56
40,3486,56
41,3702,56
42,4028,56
43,4063,56
44,106,55
45,156,55
46,289,55
47,566,55
48,664,55
49,1453,55
50,1593,55
51,1841,55
52,3326,55
53,3437,55
54,3486,55
55,3702,55
56,4028,55
57,4063,55
58,567,56
59,1594,56
60,3438,56
61,3703,56
62,567,52
63,1594,52
64,3438,52
65,3703,52
66,107,27
67,2212,27
68,2305,27
69,2518,27
70,3935,27
71,449,27
72,449,25
73,365,27
74,568,27
75,157,32
76,450,32
77,569,32
78,2649,32
79,1246,87
80,3936,87
81,4013,87
82,158,87
83,1174,101
84,108,20
85,366,20
86,451,20
87,1175,20
88,1454,20
89,1595,20
90,1843,20
91,2058,20
92,2306,20
93,3020,20
94,3166,20
95,3487,20
96,3938,20
97,452,20
98,1176,83
99,1280,83
100,821,83
101,924,83
102,2770,83
103,3,38
104,2583,38
105,3,51
106,2583,51
107,4,38
108,4,51
109,290,38
110,290,51
111,1083,38
112,1083,33
113,1083,51
114,5,38
115,3559,38
116,6,38
117,6,40
118,1084,38
119,1338,38
120,7,38
121,7,40
122,291,38
123,1014,38
124,1339,38
125,2062,38
126,2584,38
127,292,38
128,292,51
129,159,10
130,159,8
131,570,77
132,453,83
133,571,83
134,1177,83
135,2309,83
136,2403,83
137,2772,83
138,8,3
139,1845,3
140,8,30
141,1845,30
142,454,77
143,665,77
144,1456,77
145,1596,77
146,1846,77
147,2067,77
148,2406,77
149,3327,77
150,3439,77
151,293,77
152,455,77
153,666,77
154,1457,77
155,1847,77
156,2068,77
157,3440,77
158,456,77
159,2069,77
160,667,43
161,1340,43
162,160,43
163,787,43
164,294,43
165,1341,43
166,2070,43
167,3562,43
168,1085,43
169,161,96
170,2651,96
171,9,79
172,367,79
173,668,79
174,822,79
175,861,79
176,925,79
177,1015,79
178,1086,79
179,1178,79
180,1281,79
181,1342,79
182,1597,79
183,2310,79
184,2409,79
185,2519,79
186,2586,79
187,2773,79
188,2950,79
189,3023,79
190,3093,79
191,3441,79
192,3593,79
193,368,79
194,368,77
195,369,79
196,369,64
197,370,79
198,370,76
199,371,79
200,371,61
201,1087,90
202,862,7
203,162,7
204,10,82
205,788,25
206,1343,25
207,2520,25
208,2587,25
209,2775,25
210,2904,25
211,3094,25
212,3864,25
213,4040,25
214,372,25
215,372,1
216,926,1
217,2521,1
218,3594,1
219,4041,1
220,669,80
221,2951,80
222,457,74
223,670,74
224,670,83
225,458,74
226,671,74
227,458,61
228,671,61
229,459,74
230,459,83
231,672,77
232,11,77
233,295,77
234,373,77
235,460,77
236,673,77
237,1848,77
238,2071,77
239,2213,77
240,2412,77
241,2522,77
242,3329,77
243,3442,77
244,461,77
245,674,77
246,1600,77
247,461,79
248,674,79
249,1600,79
250,374,77
251,462,77
252,2074,77
253,375,77
254,675,77
255,675,59
256,572,77
257,572,79
258,1344,16
259,1345,68
260,1088,16
261,1851,16
262,3168,16
263,3251,16
264,3331,16
265,12,68
266,163,68
267,296,68
268,376,68
269,463,68
270,1852,68
271,2076,68
272,2952,68
273,3169,68
274,3252,68
275,3595,68
276,3706,68
277,297,68
278,297,69
279,823,93
280,1016,93
281,1089,93
282,1282,93
283,2312,93
284,2776,93
285,2905,93
286,2953,93
287,3096,93
288,863,93
289,863,97
290,824,77
291,864,77
292,927,77
293,1179,77
294,1247,77
295,2414,77
296,2588,77
297,2777,77
298,2844,77
299,2955,77
300,3025,77
301,3097,77
302,3596,77
303,164,77
304,676,77
305,1346,77
306,676,79
307,1346,79
308,677,77
309,677,79
310,678,77
311,678,79
312,678,104
313,679,77
314,679,79
315,679,105
316,680,77
317,680,79
318,680,88
319,681,77
320,681,79
321,13,10
322,1347,10
323,1348,10
324,14,83
325,928,83
326,2415,83
327,2589,83
328,2845,83
329,3098,83
330,3597,83
331,865,5
332,866,106
333,3099,106
334,929,107
335,377,24
336,1349,83
337,15,108
338,165,55
339,3911,55
340,109,55
341,1283,33
342,298,3
343,378,3
344,464,3
345,573,3
346,682,3
347,930,3
348,1017,3
349,1180,3
350,1248,3
351,1350,3
352,1460,3
353,1601,3
354,1768,3
355,1854,3
356,2078,3
357,2216,3
358,2317,3
359,2590,3
360,2654,3
361,2779,3
362,2847,3
363,2906,3
364,2956,3
365,3171,3
366,3254,3
367,3333,3
368,3443,3
369,3489,3
370,3707,3
371,3940,3
372,3995,3
373,1090,3
374,1090,1
375,16,3
376,825,3
377,1091,3
378,2417,3
379,3026,3
380,17,3
381,17,33
382,18,3
383,867,23
384,931,23
385,1092,23
386,3941,23
387,1181,30
388,1093,30
389,1284,109
390,1351,109
391,3942,109
392,683,3
393,1094,3
394,1094,8
395,379,3
396,574,3
397,684,3
398,1018,3
399,1461,3
400,1855,3
401,2318,3
402,2526,3
403,2591,3
404,2656,3
405,2848,3
406,2957,3
407,3027,3
408,3172,3
409,3255,3
410,3334,3
411,3444,3
412,3490,3
413,3598,3
414,3996,3
415,1019,3
416,1019,75
417,166,3
418,299,3
419,465,3
420,789,3
421,826,3
422,868,3
423,932,3
424,1095,3
425,1182,3
426,1249,3
427,1285,3
428,1604,3
429,2081,3
430,2217,3
431,2418,3
432,2780,3
433,2907,3
434,3101,3
435,3256,3
436,3708,3
437,3879,3
438,3997,3
439,466,3
440,467,3
441,468,3
442,110,23
443,19,23
444,167,23
445,1183,23
446,1286,23
447,1769,23
448,2319,23
449,2419,23
450,2527,23
451,2657,23
452,2849,23
453,2958,23
454,3028,23
455,3102,23
456,3173,23
457,3491,23
458,3564,23
459,3599,23
460,3943,23
461,4042,23
462,4056,23
463,300,30
464,168,30
465,380,30
466,1352,30
467,1462,30
468,3174,30
469,3492,30
470,3600,30
471,3710,30
472,3944,30
473,3998,30
474,301,30
475,469,30
476,1287,30
477,1605,30
478,1856,30
479,2218,30
480,2658,30
481,3257,30
482,3335,30
483,575,30
484,3711,30
485,1096,3
486,1184,3
487,1184,26
488,1184,35
489,1184,109
490,470,23
491,2082,23
492,2219,23
493,3912,23
494,3945,23
495,3999,23
496,20,3
497,1097,3
498,381,88
499,685,51
500,827,51
501,869,51
502,2321,51
503,2529,51
504,2593,51
505,1020,51
506,1098,51
507,1250,51
508,2782,51
509,2909,51
510,3029,51
511,3103,51
512,3880,51
513,3913,51
514,4029,51
515,4037,51
516,21,110
517,686,110
518,933,110
519,1099,110
520,1606,110
521,2421,110
522,2594,110
523,2850,110
524,3601,110
525,3712,110
526,3914,110
527,576,110
528,576,52
529,687,51
530,687,70
531,169,51
532,577,51
533,169,111
534,577,111
535,688,51
536,688,58
537,689,51
538,1607,51
539,1770,51
540,2220,51
541,3445,51
542,689,52
543,1607,52
544,1770,52
545,2220,52
546,3445,52
547,170,51
548,170,54
549,790,53
550,382,50
551,578,50
552,690,50
553,934,50
554,1775,50
555,1858,50
556,2659,50
557,3258,50
558,3713,50
559,1021,75
560,579,55
561,579,47
562,580,55
563,580,52
564,581,53
565,1022,53
566,1100,53
567,2422,53
568,383,53
569,3865,53
570,3946,53
571,22,58
572,791,58
573,2423,58
574,23,52
575,111,52
576,171,52
577,302,52
578,384,52
579,582,52
580,1463,52
581,1859,52
582,2667,52
583,3175,52
584,3259,52
585,3336,52
586,3494,52
587,3714,52
588,4067,52
589,172,51
590,3495,51
591,172,74
592,3495,74
593,112,51
594,173,51
595,113,51
596,113,53
597,113,112
598,174,80
599,792,51
600,175,53
601,1185,53
602,114,51
603,115,51
604,1288,30
605,793,3
606,1186,3
607,1186,2
608,1186,31
609,24,102
610,303,102
611,385,102
612,471,102
613,1101,102
614,1353,102
615,1466,102
616,2084,102
617,2324,102
618,2960,102
619,3031,102
620,3104,102
621,3178,102
622,3262,102
623,3502,102
624,3715,102
625,3947,102
626,4043,102
627,4057,102
628,472,102
629,25,2
630,176,2
631,304,2
632,386,2
633,473,2
634,583,2
635,828,2
636,870,2
637,935,2
638,1023,2
639,1102,2
640,1187,2
641,1251,2
642,1289,2
643,1354,2
644,1467,2
645,1611,2
646,1785,2
647,1860,2
648,2086,2
649,2222,2
650,2325,2
651,2425,2
652,2531,2
653,2597,2
654,2783,2
655,2851,2
656,2910,2
657,2961,2
658,3032,2
659,3105,2
660,3179,2
661,3263,2
662,3338,2
663,3446,2
664,3503,2
665,3603,2
666,4000,2
667,305,2
668,474,2
669,1787,2
670,305,30
671,474,30
672,1787,30
673,584,32
674,475,32
675,936,74
676,2785,74
677,3106,74
678,3339,74
679,3604,74
680,26,83
681,829,83
682,1355,83
683,2426,83
684,3033,83
685,3181,83
686,3447,83
687,116,16
688,871,16
689,306,16
690,476,16
691,1879,16
692,2669,16
693,3185,16
694,3266,16
695,27,16
696,307,16
697,387,16
698,477,16
699,691,16
700,937,16
701,1103,16
702,1188,16
703,1290,16
704,1356,16
705,1470,16
706,1615,16
707,1788,16
708,1880,16
709,2087,16
710,2327,16
711,2427,16
712,2598,16
713,2787,16
714,2852,16
715,2911,16
716,2962,16
717,3034,16
718,3107,16
719,3186,16
720,3267,16
721,3341,16
722,3505,16
723,3569,16
724,3605,16
725,3867,16
726,3916,16
727,3948,16
728,4044,16
729,478,77
730,692,77
731,830,77
732,1616,77
733,1881,77
734,2599,77
735,2963,77
736,693,77
737,693,105
738,694,77
739,694,76
740,478,74
741,692,74
742,830,74
743,1616,74
744,1881,74
745,2599,74
746,2963,74
747,693,74
748,694,74
749,695,77
750,695,74
751,695,78
752,479,77
753,831,77
754,938,77
755,1357,77
756,1473,77
757,1617,77
758,1883,77
759,2090,77
760,2788,77
761,3108,77
762,3449,77
763,479,74
764,831,74
765,938,74
766,1357,74
767,1473,74
768,1617,74
769,1883,74
770,2090,74
771,2788,74
772,3108,74
773,3449,74
774,28,77
775,28,74
776,1104,106
777,1885,106
778,3450,106
779,1358,30
780,480,36
781,480,80
782,585,80
783,872,87
784,1189,87
785,2328,87
786,2533,87
787,2853,87
788,2964,87
789,3109,87
790,3609,87
791,3918,87
792,3950,87
793,4038,87
794,29,87
795,1024,30
796,1025,87
797,1291,87
798,2789,87
799,2913,87
800,3883,87
801,117,87
802,696,87
803,873,35
804,939,35
805,1292,35
806,940,73
807,940,74
808,874,8
809,177,96
810,177,97
811,388,11
812,875,11
813,941,11
814,1190,11
815,2534,11
816,2600,11
817,2791,11
818,2855,11
819,2915,11
820,2965,11
821,3036,11
822,3110,11
823,3952,11
824,4045,11
825,4058,11
826,388,14
827,875,14
828,941,14
829,1190,14
830,2534,14
831,2600,14
832,2791,14
833,2855,14
834,2915,14
835,2965,14
836,3036,14
837,3110,14
838,3952,14
839,4045,14
840,4058,14
841,876,11
842,876,97
843,178,11
844,1191,113
845,2330,113
846,3037,113
847,3884,113
848,3953,113
849,1191,11
850,2330,11
851,3037,11
852,3884,11
853,3953,11
854,1026,113
855,1026,11
856,30,7
857,118,7
858,179,7
859,308,7
860,389,7
861,481,7
862,697,7
863,832,7
864,877,7
865,942,7
866,1027,7
867,1105,7
868,1192,7
869,1252,7
870,1293,7
871,1359,7
872,1474,7
873,1625,7
874,1892,7
875,2092,7
876,2226,7
877,2331,7
878,2429,7
879,2601,7
880,2670,7
881,2792,7
882,2856,7
883,2916,7
884,2966,7
885,3038,7
886,3111,7
887,3269,7
888,3342,7
889,3451,7
890,3507,7
891,3571,7
892,3615,7
893,3725,7
894,3885,7
895,3919,7
896,3954,7
897,4026,7
898,4046,7
899,4059,7
900,4068,7
901,943,7
902,943,9
903,482,7
904,698,7
905,944,7
906,2227,7
907,3726,7
908,482,25
909,698,25
910,944,25
911,2227,25
912,3726,25
913,119,7
914,120,7
915,586,11
916,1028,11
917,587,7
918,587,11
919,31,7
920,31,8
921,390,11
922,390,113
923,588,7
924,794,7
925,1789,7
926,2535,7
927,878,66
928,878,64
929,32,3
930,699,3
931,1106,114
932,1029,114
933,1360,114
934,2857,114
935,1361,55
936,1030,11
937,1030,97
938,587,97
939,180,105
940,879,105
941,1107,105
942,1362,105
943,2793,105
944,589,105
945,700,60
946,700,8
947,1253,60
948,1294,60
949,2859,60
950,3886,60
951,1031,60
952,33,60
953,121,60
954,181,60
955,391,60
956,483,60
957,701,60
958,945,60
959,1363,60
960,1475,60
961,1627,60
962,1895,60
963,2094,60
964,2231,60
965,2431,60
966,2536,60
967,2602,60
968,2918,60
969,3188,60
970,3345,60
971,3452,60
972,3509,60
973,3617,60
974,3727,60
975,1193,60
976,3039,60
977,392,60
978,3346,60
979,392,62
980,3346,62
981,122,60
982,182,60
983,393,60
984,795,60
985,2095,60
986,3347,60
987,3510,60
988,3731,60
989,183,60
990,122,84
991,182,84
992,393,84
993,795,84
994,2095,84
995,3347,84
996,3510,84
997,3731,84
998,183,84
999,184,60
1000,880,60
1001,880,84
1002,1108,38
1003,1364,79
1004,2432,79
1005,1365,9
1006,34,9
1007,185,9
1008,833,9
1009,1032,9
1010,1366,9
1011,2433,9
1012,2860,9
1013,3732,9
1014,3887,9
1015,3956,9
1016,4014,9
1017,881,9
1018,882,98
1019,946,98
1020,2336,98
1021,2537,98
1022,2795,98
1023,2919,98
1024,3041,98
1025,3618,98
1026,123,8
1027,123,27
1028,1367,8
1029,35,8
1030,124,8
1031,394,8
1032,702,8
1033,796,8
1034,1194,8
1035,1368,8
1036,1629,8
1037,2337,8
1038,2434,8
1039,2538,8
1040,2603,8
1041,2968,8
1042,3113,8
1043,3272,8
1044,3620,8
1045,3733,8
1046,4015,8
1047,1109,8
1048,590,80
1049,1110,87
1050,309,87
1051,1295,9
1052,1295,59
1053,1369,12
1054,1369,87
1055,1369,84
1056,1370,87
1057,186,87
1058,1476,87
1059,1296,30
1060,1371,11
1061,1371,14
1062,395,104
1063,591,104
1064,703,104
1065,947,104
1066,3622,104
1067,187,104
1068,704,104
1069,484,104
1070,704,88
1071,484,88
1072,1297,75
1073,2437,75
1074,3043,75
1075,1298,75
1076,188,75
1077,485,71
1078,310,71
1079,2863,71
1080,1111,103
1081,592,3
1082,797,3
1083,3737,3
1084,1372,3
1085,1372,70
1086,36,47
1087,125,47
1088,189,47
1089,311,47
1090,396,47
1091,486,47
1092,593,47
1093,705,47
1094,798,47
1095,834,47
1096,883,47
1097,948,47
1098,1033,47
1099,1112,47
1100,1195,47
1101,1254,47
1102,1299,47
1103,1373,47
1104,1481,47
1105,1630,47
1106,1794,47
1107,1899,47
1108,2096,47
1109,2235,47
1110,2341,47
1111,2441,47
1112,2540,47
1113,2605,47
1114,2672,47
1115,2797,47
1116,2864,47
1117,2920,47
1118,2971,47
1119,3044,47
1120,3115,47
1121,3191,47
1122,3274,47
1123,3348,47
1124,3454,47
1125,3512,47
1126,3572,47
1127,3624,47
1128,3738,47
1129,397,47
1130,1631,47
1131,397,56
1132,1631,56
1133,312,47
1134,312,52
1135,313,47
1136,594,47
1137,706,47
1138,1633,47
1139,2237,47
1140,3275,47
1141,3513,47
1142,3739,47
1143,313,55
1144,594,55
1145,706,55
1146,1633,55
1147,2237,55
1148,3275,55
1149,3513,55
1150,3739,55
1151,1374,47
1152,1374,49
1153,1375,47
1154,1375,65
1155,707,47
1156,1482,47
1157,1636,47
1158,1795,47
1159,2240,47
1160,2675,47
1161,3193,47
1162,707,61
1163,1482,61
1164,1636,61
1165,1795,61
1166,2240,61
1167,2675,61
1168,3193,61
1169,1376,47
1170,1376,62
1171,595,47
1172,126,47
1173,595,56
1174,126,56
1175,708,47
1176,708,48
1177,596,47
1178,596,8
1179,190,75
1180,314,75
1181,487,75
1182,597,75
1183,884,75
1184,949,75
1185,1034,75
1186,1196,75
1187,1377,75
1188,1485,75
1189,2103,75
1190,2342,75
1191,3278,75
1192,3349,75
1193,3625,75
1194,598,75
1195,599,75
1196,600,75
1197,191,80
1198,488,80
1199,3116,80
1200,3960,80
1201,1113,14
1202,1300,14
1203,1113,11
1204,1300,11
1205,37,14
1206,192,14
1207,315,14
1208,398,14
1209,489,14
1210,1378,14
1211,1639,14
1212,1903,14
1213,2104,14
1214,3196,14
1215,3350,14
1216,3515,14
1217,3626,14
1218,885,14
1219,950,14
1220,1197,14
1221,2105,14
1222,2343,14
1223,2443,14
1224,2606,14
1225,2798,14
1226,2865,14
1227,2921,14
1228,2972,14
1229,3045,14
1230,3117,14
1231,3573,14
1232,3870,14
1233,3961,14
1234,4048,14
1235,4060,14
1236,490,14
1237,709,14
1238,2107,14
1239,2244,14
1240,3516,14
1241,3574,14
1242,3962,14
1243,38,94
1244,38,107
1245,316,11
1246,3197,11
1247,316,14
1248,3197,14
1249,1301,75
1250,2866,75
1251,3046,75
1252,3118,75
1253,1198,65
1254,1198,92
1255,127,18
1256,601,18
1257,602,24
1258,710,24
1259,1488,24
1260,1904,24
1261,2246,24
1262,3456,24
1263,3742,24
1264,711,24
1265,712,24
1266,711,112
1267,712,52
1268,1302,24
1269,1641,24
1270,1302,95
1271,1641,95
1272,713,18
1273,835,1
1274,2542,1
1275,2974,1
1276,951,24
1277,3629,24
1278,128,24
1279,1035,24
1280,129,24
1281,130,105
1282,193,105
1283,714,105
1284,836,105
1285,886,105
1286,952,105
1287,1036,105
1288,1114,105
1289,1199,105
1290,1255,105
1291,1303,105
1292,1379,105
1293,1643,105
1294,2108,105
1295,2345,105
1296,2444,105
1297,2543,105
1298,2607,105
1299,2678,105
1300,2799,105
1301,2867,105
1302,2923,105
1303,2975,105
1304,3047,105
1305,3119,105
1306,3630,105
1307,3889,105
1308,194,105
1309,715,105
1310,715,87
1311,195,105
1312,716,105
1313,2679,105
1314,717,105
1315,717,104
1316,196,105
1317,718,105
1318,196,88
1319,718,88
1320,197,105
1321,1645,105
1322,2109,105
1323,197,74
1324,1645,74
1325,2109,74
1326,39,105
1327,198,105
1328,198,86
1329,199,105
1330,1652,105
1331,199,74
1332,1652,74
1333,200,105
1334,200,75
1335,491,105
1336,3351,105
1337,3743,105
1338,492,105
1339,493,105
1340,494,105
1341,3352,105
1342,492,74
1343,493,74
1344,494,74
1345,3352,74
1346,201,105
1347,1491,105
1348,1798,105
1349,2248,105
1350,3199,105
1351,3355,105
1352,3747,105
1353,202,105
1354,719,58
1355,603,105
1356,1494,105
1357,1802,105
1358,3201,105
1359,3359,105
1360,3457,105
1361,3519,105
1362,3749,105
1363,604,105
1364,604,104
1365,605,105
1366,203,105
1367,40,112
1368,953,112
1369,1200,112
1370,1304,112
1371,2976,112
1372,3120,112
1373,3963,112
1374,1380,70
1375,399,103
1376,399,16
1377,1381,103
1378,1381,18
1379,887,70
1380,3121,70
1381,1115,70
1382,41,103
1383,1116,103
1384,2116,103
1385,2347,103
1386,2868,103
1387,2977,103
1388,799,82
1389,3363,82
1390,720,71
1391,1653,71
1392,1807,71
1393,1906,71
1394,2609,71
1395,3364,71
1396,3458,71
1397,1037,70
1398,721,70
1399,42,70
1400,400,70
1401,495,70
1402,1382,70
1403,954,70
1404,43,70
1405,204,70
1406,317,70
1407,496,70
1408,722,70
1409,800,70
1410,837,70
1411,888,70
1412,1201,70
1413,1256,70
1414,1504,70
1415,1907,70
1416,2117,70
1417,2249,70
1418,2544,70
1419,2610,70
1420,2688,70
1421,2800,70
1422,3202,70
1423,3282,70
1424,3633,70
1425,3751,70
1426,44,70
1427,45,70
1428,606,70
1429,1117,70
1430,1202,70
1431,1257,70
1432,2445,70
1433,2611,70
1434,2801,70
1435,2924,70
1436,3048,70
1437,838,70
1438,1038,70
1439,205,62
1440,205,78
1441,205,76
1442,1118,79
1443,3122,79
1444,401,69
1445,206,115
1446,723,3
1447,1383,3
1448,46,34
1449,724,34
1450,955,34
1451,1039,34
1452,1203,34
1453,3049,34
1454,3890,34
1455,1040,116
1456,2802,116
1457,207,90
1458,208,90
1459,209,90
1460,210,90
1461,497,90
1462,209,51
1463,210,51
1464,497,51
1465,211,90
1466,211,54
1467,1041,90
1468,212,90
1469,498,90
1470,498,52
1471,213,90
1472,499,90
1473,3965,90
1474,213,54
1475,499,54
1476,3965,54
1477,318,88
1478,801,88
1479,214,88
1480,3050,88
1481,318,87
1482,801,87
1483,214,87
1484,3050,87
1485,607,88
1486,2250,88
1487,608,88
1488,725,88
1489,2118,88
1490,726,88
1491,726,87
1492,402,88
1493,889,88
1494,319,88
1495,1384,88
1496,1909,88
1497,2448,88
1498,2612,88
1499,3755,88
1500,500,88
1501,501,88
1502,500,105
1503,501,105
1504,502,88
1505,502,74
1506,403,88
1507,956,88
1508,215,88
1509,957,88
1510,47,55
1511,131,55
1512,404,55
1513,802,55
1514,839,55
1515,958,55
1516,1042,55
1517,1119,55
1518,1204,55
1519,1305,55
1520,1662,55
1521,2351,55
1522,2449,55
1523,2613,55
1524,2869,55
1525,2978,55
1526,3124,55
1527,3459,55
1528,3636,55
1529,3757,55
1530,3921,55
1531,3966,55
1532,4017,55
1533,4031,55
1534,132,55
1535,132,27
1536,1385,55
1537,48,49
1538,133,49
1539,2450,49
1540,2695,49
1541,216,93
1542,2698,93
1543,217,93
1544,49,93
1545,959,93
1546,3637,93
1547,217,77
1548,1120,44
1549,1120,43
1550,1386,33
1551,320,33
1552,320,51
1553,405,33
1554,2123,33
1555,3285,33
1556,3524,33
1557,3638,33
1558,3967,33
1559,4004,33
1560,1121,33
1561,1043,33
1562,890,74
1563,218,80
1564,3968,80
1565,891,59
1566,960,59
1567,1205,59
1568,1122,103
1569,1123,103
1570,1124,103
1571,1123,16
1572,1125,74
1573,1206,74
1574,1913,74
1575,2352,74
1576,2546,74
1577,2615,74
1578,2803,74
1579,2870,74
1580,2925,74
1581,3051,74
1582,3125,74
1583,3368,74
1584,3639,74
1585,840,74
1586,961,74
1587,1044,74
1588,2453,74
1589,2979,74
1590,219,74
1591,220,74
1592,3375,74
1593,50,83
1594,1387,83
1595,2127,83
1596,3759,83
1597,221,74
1598,51,1
1599,222,87
1600,223,95
1601,224,95
1602,223,97
1603,224,97
1604,52,91
1605,1388,91
1606,2454,91
1607,3126,91
1608,3640,91
1609,1306,83
1610,53,30
1611,503,30
1612,1389,30
1613,1809,30
1614,2128,30
1615,2251,30
1616,2616,30
1617,3287,30
1618,4005,30
1619,1307,30
1620,54,2
1621,962,113
1622,225,82
1623,321,82
1624,406,82
1625,504,82
1626,609,82
1627,727,82
1628,892,82
1629,963,82
1630,1045,82
1631,1506,82
1632,1663,82
1633,1810,82
1634,1926,82
1635,2129,82
1636,2355,82
1637,2456,82
1638,2617,82
1639,2700,82
1640,2804,82
1641,2871,82
1642,3052,82
1643,3205,82
1644,3288,82
1645,3461,82
1646,3642,82
1647,3772,82
1648,1126,82
1649,322,82
1650,1928,82
1651,2704,82
1652,3206,82
1653,728,82
1654,728,113
1655,610,82
1656,610,65
1657,1390,82
1658,1390,70
1659,1207,82
1660,1207,113
1661,55,4
1662,729,4
1663,893,4
1664,964,4
1665,1046,4
1666,1127,4
1667,1391,4
1668,1508,4
1669,1665,4
1670,1811,4
1671,1929,4
1672,3291,4
1673,3376,4
1674,3462,4
1675,1392,4
1676,1393,4
1677,2457,4
1678,1393,1
1679,2457,1
1680,1394,4
1681,1394,77
1682,611,4
1683,611,82
1684,612,1
1685,1931,1
1686,1395,4
1687,2872,4
1688,965,74
1689,1047,74
1690,1128,74
1691,1932,74
1692,2131,74
1693,2356,74
1694,2618,74
1695,2805,74
1696,3054,74
1697,3129,74
1698,3377,74
1699,3643,74
1700,56,83
1701,841,83
1702,1396,83
1703,3774,83
1704,894,61
1705,1258,87
1706,57,51
1707,613,87
1708,1259,79
1709,505,65
1710,614,65
1711,2252,65
1712,615,65
1713,616,65
1714,617,65
1715,618,65
1716,619,65
1717,323,61
1718,730,61
1719,506,84
1720,966,84
1721,2358,84
1722,3055,84
1723,895,61
1724,1048,87
1725,226,97
1726,1129,97
1727,1260,97
1728,2710,97
1729,2982,97
1730,4035,97
1731,1208,74
1732,896,30
1733,896,51
1734,227,34
1735,1308,30
1736,1308,52
1737,897,30
1738,1049,30
1739,897,8
1740,1049,8
1741,1049,52
1742,1209,30
1743,1209,52
1744,1050,75
1745,967,30
1746,3892,30
1747,1210,30
1748,2551,30
1749,228,30
1750,507,30
1751,58,77
1752,134,77
1753,229,77
1754,407,77
1755,508,77
1756,620,77
1757,731,77
1758,842,77
1759,898,77
1760,968,77
1761,1051,77
1762,1130,77
1763,1211,77
1764,1261,77
1765,1309,77
1766,1397,77
1767,1511,77
1768,1666,77
1769,2136,77
1770,2254,77
1771,2359,77
1772,2460,77
1773,2552,77
1774,2620,77
1775,2711,77
1776,2807,77
1777,2874,77
1778,2926,77
1779,2983,77
1780,3056,77
1781,3130,77
1782,3208,77
1783,3384,77
1784,3465,77
1785,3650,77
1786,3786,77
1787,3893,77
1788,732,77
1789,733,77
1790,734,77
1791,734,51
1792,621,77
1793,621,88
1794,735,77
1795,735,82
1796,230,77
1797,408,77
1798,736,77
1799,2712,77
1800,3787,77
1801,230,64
1802,408,64
1803,736,64
1804,2712,64
1805,3787,64
1806,409,77
1807,1513,77
1808,2140,77
1809,2257,77
1810,2713,77
1811,3788,77
1812,1398,77
1813,409,76
1814,1513,76
1815,2140,76
1816,2257,76
1817,2713,76
1818,3788,76
1819,1398,76
1820,231,77
1821,410,77
1822,622,77
1823,737,77
1824,1514,77
1825,2141,77
1826,2258,77
1827,2714,77
1828,3789,77
1829,231,61
1830,410,61
1831,622,61
1832,737,61
1833,1514,61
1834,2141,61
1835,2258,61
1836,2714,61
1837,3789,61
1838,411,77
1839,411,84
1840,59,77
1841,509,77
1842,623,77
1843,1516,77
1844,1673,77
1845,1812,77
1846,2142,77
1847,2259,77
1848,624,77
1849,1131,46
1850,412,30
1851,1816,30
1852,232,30
1853,899,116
1854,1052,116
1855,1132,116
1856,233,82
1857,2553,82
1858,3386,82
1859,3791,82
1860,324,33
1861,234,30
1862,2927,30
1863,60,111
1864,235,111
1865,803,111
1866,1310,111
1867,2876,111
1868,2985,111
1869,3293,111
1870,3922,111
1871,3970,111
1872,4018,111
1873,61,30
1874,738,30
1875,1518,30
1876,61,36
1877,62,30
1878,62,8
1879,63,83
1880,236,96
1881,1399,87
1882,510,30
1883,1311,30
1884,1817,30
1885,511,30
1886,64,83
1887,1400,83
1888,65,83
1889,1401,83
1890,2464,83
1891,1312,21
1892,969,21
1893,1133,21
1894,2360,21
1895,2987,21
1896,3971,21
1897,4052,21
1898,970,113
1899,1053,113
1900,1313,113
1901,2877,113
1902,3131,113
1903,3653,113
1904,900,113
1905,2878,113
1906,3923,113
1907,512,53
1908,1134,112
1909,1402,112
1910,66,4
1911,66,117
1912,237,30
1913,237,85
1914,901,83
1915,1054,83
1916,2363,83
1917,2879,83
1918,3894,83
1919,238,119
1920,1055,119
1921,1135,119
1922,1262,119
1923,2811,119
1924,135,118
1925,971,118
1926,1056,118
1927,1212,118
1928,1403,118
1929,1519,118
1930,1953,118
1931,2471,118
1932,2720,118
1933,2880,118
1934,3294,118
1935,3655,118
1936,3857,118
1937,3924,118
1938,3973,118
1939,4019,118
1940,239,118
1941,625,118
1942,1681,118
1943,3209,118
1944,3525,118
1945,3792,118
1946,513,118
1947,513,55
1948,513,47
1949,67,9
1950,1404,65
1951,3297,65
1952,514,65
1953,240,115
1954,515,118
1955,2146,118
1956,3793,118
1957,136,61
1958,137,61
1959,804,61
1960,138,61
1961,136,47
1962,138,84
1963,241,64
1964,325,64
1965,626,64
1966,739,64
1967,843,64
1968,1263,64
1969,1405,64
1970,1524,64
1971,1954,64
1972,2263,64
1973,2472,64
1974,2812,64
1975,2881,64
1976,3298,64
1977,3466,64
1978,3529,64
1979,413,64
1980,242,64
1981,1955,64
1982,242,74
1983,1955,74
1984,628,64
1985,628,77
1986,414,64
1987,627,64
1988,2727,64
1989,3210,64
1990,414,61
1991,627,61
1992,2727,61
1993,3210,61
1994,243,64
1995,243,74
1996,1136,79
1997,1213,79
1998,1314,79
1999,2556,79
2000,2928,79
2001,3060,79
2002,3132,79
2003,244,89
2004,3530,89
2005,139,55
2006,972,74
2007,2365,74
2008,2627,74
2009,2813,74
2010,3389,74
2011,68,83
2012,844,83
2013,1406,83
2014,1962,83
2015,2473,83
2016,2929,83
2017,973,74
2018,2814,74
2019,3133,74
2020,3657,74
2021,69,83
2022,974,83
2023,1407,83
2024,2474,83
2025,3211,83
2026,3467,83
2027,975,83
2028,2366,83
2029,140,86
2030,976,86
2031,1057,86
2032,1264,86
2033,1408,86
2034,2815,86
2035,2930,86
2036,3974,86
2037,805,86
2038,3213,86
2039,326,86
2040,141,86
2041,326,87
2042,141,61
2043,141,77
2044,902,34
2045,1137,34
2046,1315,34
2047,2557,34
2048,2816,34
2049,2931,34
2050,2991,34
2051,70,83
2052,2476,83
2053,3214,83
2054,977,84
2055,71,68
2056,2368,68
2057,3216,68
2058,3580,68
2059,978,74
2060,2478,74
2061,3660,74
2062,979,83
2063,142,58
2064,245,58
2065,327,58
2066,415,58
2067,516,58
2068,629,58
2069,740,58
2070,806,58
2071,1265,58
2072,1530,58
2073,1686,58
2074,1972,58
2075,2150,58
2076,2266,58
2077,2729,58
2078,3217,58
2079,3299,58
2080,3398,58
2081,3468,58
2082,3531,58
2083,3581,58
2084,3661,58
2085,3794,58
2086,72,58
2087,630,58
2088,741,58
2089,517,58
2090,631,58
2091,1532,58
2092,3532,58
2093,3795,58
2094,632,58
2095,518,58
2096,416,58
2097,519,58
2098,3796,58
2099,1214,51
2100,1215,51
2101,1214,111
2102,1215,80
2103,1058,58
2104,3896,58
2105,520,81
2106,633,81
2107,742,81
2108,1690,81
2109,2153,81
2110,2731,81
2111,3469,81
2112,1138,81
2113,2819,81
2114,2883,81
2115,3062,81
2116,521,30
2117,522,30
2118,73,74
2119,980,74
2120,1409,74
2121,2268,74
2122,2479,74
2123,2559,74
2124,2629,74
2125,3135,74
2126,3662,74
2127,3797,74
2128,246,74
2129,246,105
2130,247,74
2131,247,64
2132,634,73
2133,634,77
2134,1216,30
2135,74,52
2136,523,52
2137,807,52
2138,981,52
2139,1059,52
2140,1139,52
2141,1316,52
2142,1410,52
2143,2154,52
2144,2369,52
2145,2885,52
2146,2993,52
2147,3136,52
2148,3664,52
2149,3926,52
2150,4020,52
2151,248,83
2152,1140,120
2153,2155,120
2154,75,22
2155,1411,117
2156,76,117
2157,328,117
2158,417,117
2159,743,117
2160,808,117
2161,1979,117
2162,2886,117
2163,1411,43
2164,329,22
2165,77,117
2166,744,117
2167,2481,117
2168,3063,117
2169,3666,117
2170,4006,117
2171,635,117
2172,1141,117
2173,330,117
2174,78,54
2175,249,54
2176,331,54
2177,809,54
2178,845,54
2179,982,54
2180,1060,54
2181,1142,54
2182,1217,54
2183,1317,54
2184,1412,54
2185,1691,54
2186,1981,54
2187,2270,54
2188,2370,54
2189,2482,54
2190,2631,54
2191,2887,54
2192,2994,54
2193,3137,54
2194,3667,54
2195,3804,54
2196,3927,54
2197,3976,54
2198,4021,54
2199,4032,54
2200,332,54
2201,636,54
2202,745,54
2203,3470,54
2204,332,52
2205,636,52
2206,745,52
2207,3470,52
2208,1061,87
2209,983,87
2210,1318,19
2211,524,19
2212,1536,19
2213,2371,19
2214,3219,19
2215,3300,19
2216,4053,19
2217,525,19
2218,526,19
2219,527,19
2220,528,19
2221,529,19
2222,530,19
2223,1413,25
2224,1413,7
2225,984,50
2226,985,47
2227,985,48
2228,986,55
2229,1414,25
2230,2888,25
2231,143,25
2232,250,25
2233,334,25
2234,418,25
2235,531,25
2236,637,25
2237,746,25
2238,810,25
2239,846,25
2240,903,25
2241,987,25
2242,1062,25
2243,1143,25
2244,1218,25
2245,1266,25
2246,1319,25
2247,1538,25
2248,1692,25
2249,1819,25
2250,1983,25
2251,2157,25
2252,2271,25
2253,2372,25
2254,2484,25
2255,2560,25
2256,2632,25
2257,2733,25
2258,2820,25
2259,2932,25
2260,2995,25
2261,3065,25
2262,3138,25
2263,3220,25
2264,3402,25
2265,3471,25
2266,3534,25
2267,3668,25
2268,3807,25
2269,3898,25
2270,335,25
2271,335,56
2272,419,25
2273,1539,25
2274,1693,25
2275,1984,25
2276,2272,25
2277,2996,25
2278,747,25
2279,419,7
2280,1539,7
2281,1693,7
2282,1984,7
2283,2272,7
2284,2996,7
2285,747,8
2286,336,25
2287,1985,25
2288,2158,25
2289,2735,25
2290,336,47
2291,1985,47
2292,2158,47
2293,2735,47
2294,144,25
2295,2273,25
2296,144,55
2297,2273,55
2298,532,25
2299,1541,25
2300,1694,25
2301,1986,25
2302,3221,25
2303,3808,25
2304,532,76
2305,1541,76
2306,1694,76
2307,1986,76
2308,3221,76
2309,3808,76
2310,533,25
2311,748,25
2312,1695,25
2313,1820,25
2314,2275,25
2315,2737,25
2316,3535,25
2317,533,1
2318,748,1
2319,1695,1
2320,1820,1
2321,2275,1
2322,2737,1
2323,3535,1
2324,79,25
2325,337,25
2326,534,25
2327,1821,25
2328,1987,25
2329,2276,25
2330,3222,25
2331,3472,25
2332,420,25
2333,79,26
2334,337,26
2335,534,26
2336,1821,26
2337,1987,26
2338,2276,26
2339,3222,26
2340,3472,26
2341,420,26
2342,420,28
2343,749,25
2344,338,25
2345,145,25
2346,750,25
2347,339,25
2348,421,25
2349,535,25
2350,751,25
2351,1988,25
2352,146,25
2353,752,25
2354,147,13
2355,80,13
2356,251,13
2357,340,13
2358,422,13
2359,536,13
2360,753,13
2361,904,13
2362,988,13
2363,1144,13
2364,1219,13
2365,1320,13
2366,1415,13
2367,1543,13
2368,1699,13
2369,1823,13
2370,1990,13
2371,2159,13
2372,2373,13
2373,2485,13
2374,2633,13
2375,2739,13
2376,2821,13
2377,2889,13
2378,2933,13
2379,3066,13
2380,3223,13
2381,3404,13
2382,3536,13
2383,3582,13
2384,3669,13
2385,3811,13
2386,3875,13
2387,3928,13
2388,3978,13
2389,4054,13
2390,4061,13
2391,537,13
2392,538,13
2393,2486,13
2394,3812,13
2395,538,108
2396,2486,108
2397,3812,108
2398,1416,87
2399,148,87
2400,2487,87
2401,3537,87
2402,847,87
2403,3405,87
2404,1267,87
2405,1267,88
2406,149,87
2407,638,87
2408,3899,87
2409,341,87
2410,539,3
2411,1545,3
2412,754,30
2413,905,30
2414,1220,30
2415,540,30
2416,755,30
2417,1221,30
2418,1417,30
2419,1321,84
2420,252,2
2421,252,31
2422,423,2
2423,1994,2
2424,2489,2
2425,3306,2
2426,3409,2
2427,3538,2
2428,3672,2
2429,253,32
2430,541,32
2431,639,32
2432,2741,32
2433,1145,90
2434,1145,51
2435,1222,106
2436,424,3
2437,542,3
2438,640,3
2439,1146,3
2440,1826,3
2441,2162,3
2442,2375,3
2443,2490,3
2444,2635,3
2445,2742,3
2446,3307,3
2447,3539,3
2448,3980,3
2449,4007,3
2450,81,3
2451,1418,3
2452,4008,3
2453,81,30
2454,1418,30
2455,4008,30
2456,254,3
2457,756,83
2458,3140,83
2459,543,83
2460,1063,75
2461,425,32
2462,641,32
2463,2163,32
2464,3540,32
2465,1419,4
2466,82,121
2467,1420,121
2468,3141,121
2469,1421,83
2470,2491,83
2471,642,77
2472,544,74
2473,544,51
2474,1064,3
2475,1827,3
2476,545,3
2477,2743,3
2478,3981,3
2479,4009,3
2480,643,3
2481,643,30
2482,1422,3
2483,83,3
2484,1422,23
2485,83,30
2486,255,86
2487,84,94
2488,848,94
2489,906,94
2490,989,94
2491,1065,94
2492,1147,94
2493,1223,94
2494,1322,94
2495,1423,94
2496,1554,94
2497,1702,94
2498,1998,94
2499,2169,94
2500,2280,94
2501,2377,94
2502,2493,94
2503,2823,94
2504,2934,94
2505,2998,94
2506,3069,94
2507,3226,94
2508,3411,94
2509,3473,94
2510,3673,94
2511,426,94
2512,426,107
2513,256,94
2514,427,94
2515,1066,75
2516,2935,75
2517,85,94
2518,428,94
2519,150,94
2520,86,94
2521,1148,94
2522,3674,94
2523,151,94
2524,1323,94
2525,3542,94
2526,1323,104
2527,3542,104
2528,1149,70
2529,757,6
2530,2172,6
2531,3308,6
2532,3474,6
2533,3817,6
2534,342,22
2535,87,36
2536,546,36
2537,758,36
2538,849,36
2539,907,36
2540,990,36
2541,1224,36
2542,1324,36
2543,1710,36
2544,1828,36
2545,2173,36
2546,2380,36
2547,2494,36
2548,2745,36
2549,3000,36
2550,3309,36
2551,3412,36
2552,3984,36
2553,1424,36
2554,3070,36
2555,1150,15
2556,3818,15
2557,1225,23
2558,759,32
2559,908,32
2560,1325,32
2561,1555,32
2562,2008,32
2563,2174,32
2564,2283,32
2565,2936,32
2566,3071,32
2567,3143,32
2568,3675,32
2569,3901,32
2570,3986,32
2571,760,33
2572,1151,33
2573,2175,33
2574,3310,33
2575,3544,33
2576,1226,33
2577,2176,33
2578,2824,33
2579,3545,33
2580,343,33
2581,1425,33
2582,1067,62
2583,644,37
2584,2009,37
2585,1152,117
2586,547,37
2587,3413,37
2588,1426,77
2589,1427,77
2590,1711,77
2591,88,30
2592,1428,122
2593,3987,122
2594,429,31
2595,429,23
2596,430,31
2597,2177,31
2598,3072,31
2599,89,31
2600,344,31
2601,548,31
2602,1712,31
2603,1829,31
2604,2012,31
2605,2178,31
2606,2496,31
2607,2746,31
2608,3311,31
2609,3678,31
2610,645,31
2611,345,31
2612,431,31
2613,549,31
2614,646,31
2615,1557,31
2616,2179,31
2617,3414,31
2618,90,76
2619,257,76
2620,346,76
2621,432,76
2622,550,76
2623,647,76
2624,761,76
2625,850,76
2626,909,76
2627,991,76
2628,1068,76
2629,1153,76
2630,1227,76
2631,1268,76
2632,1326,76
2633,1429,76
2634,1558,76
2635,1713,76
2636,2013,76
2637,2180,76
2638,2284,76
2639,2383,76
2640,2497,76
2641,2565,76
2642,2636,76
2643,2747,76
2644,2825,76
2645,2937,76
2646,3002,76
2647,3073,76
2648,3146,76
2649,3230,76
2650,3415,76
2651,3475,76
2652,3679,76
2653,3820,76
2654,762,76
2655,762,77
2656,433,76
2657,648,76
2658,763,76
2659,1718,76
2660,2018,76
2661,2286,76
2662,2750,76
2663,3821,76
2664,433,61
2665,648,61
2666,763,61
2667,1718,61
2668,2018,61
2669,2286,61
2670,2750,61
2671,3821,61
2672,764,76
2673,1559,76
2674,764,84
2675,1559,84
2676,765,76
2677,1722,76
2678,2182,76
2679,1228,76
2680,765,78
2681,1722,78
2682,2182,78
2683,1228,78
2684,91,76
2685,649,76
2686,1430,76
2687,2183,76
2688,2287,76
2689,3476,76
2690,3822,76
2691,91,61
2692,649,61
2693,1430,61
2694,2183,61
2695,2287,61
2696,3476,61
2697,3822,61
2698,91,47
2699,649,47
2700,1430,47
2701,2183,47
2702,2287,47
2703,3476,47
2704,3822,47
2705,258,97
2706,650,34
2707,651,75
2708,1069,75
2709,3074,75
2710,652,75
2711,652,34
2712,92,1
2713,347,1
2714,434,1
2715,551,1
2716,653,1
2717,766,1
2718,851,1
2719,910,1
2720,992,1
2721,1070,1
2722,1154,1
2723,1229,1
2724,1327,1
2725,1431,1
2726,1561,1
2727,1723,1
2728,1830,1
2729,2019,1
2730,2184,1
2731,2289,1
2732,2384,1
2733,2498,1
2734,2567,1
2735,2754,1
2736,2827,1
2737,2891,1
2738,2938,1
2739,3003,1
2740,3075,1
2741,3147,1
2742,3233,1
2743,3312,1
2744,3417,1
2745,3477,1
2746,3547,1
2747,3680,1
2748,3824,1
2749,1432,1
2750,348,1
2751,435,1
2752,552,1
2753,767,1
2754,1725,1
2755,1831,1
2756,2290,1
2757,2755,1
2758,3313,1
2759,3825,1
2760,436,1
2761,2022,1
2762,553,1
2763,2190,1
2764,349,30
2765,2757,30
2766,93,30
2767,2499,30
2768,3681,30
2769,259,34
2770,654,34
2771,1566,34
2772,2024,34
2773,2191,34
2774,3931,34
2775,333,69
2776,554,69
2777,2385,69
2778,555,69
2779,556,69
2780,437,69
2781,94,3
2782,1433,3
2783,2192,3
2784,852,61
2785,993,61
2786,1071,61
2787,1155,61
2788,1230,61
2789,1269,61
2790,1328,61
2791,2386,61
2792,2568,61
2793,2828,61
2794,2892,61
2795,2939,61
2796,3004,61
2797,3076,61
2798,3148,61
2799,95,61
2800,95,64
2801,260,61
2802,350,61
2803,438,61
2804,655,61
2805,768,61
2806,811,61
2807,1434,61
2808,1568,61
2809,1833,61
2810,2025,61
2811,2292,61
2812,2503,61
2813,2758,61
2814,3237,61
2815,3314,61
2816,3478,61
2817,3551,61
2818,3826,61
2819,351,61
2820,656,61
2821,2194,61
2822,3552,61
2823,351,47
2824,656,47
2825,2194,47
2826,3552,47
2827,769,61
2828,769,82
2829,352,61
2830,557,61
2831,770,61
2832,1435,61
2833,1569,61
2834,1732,61
2835,2195,61
2836,2504,61
2837,3682,61
2838,3827,61
2839,352,64
2840,557,64
2841,770,64
2842,1435,64
2843,1569,64
2844,1732,64
2845,2195,64
2846,2504,64
2847,3682,64
2848,3827,64
2849,771,61
2850,771,52
2851,261,61
2852,1570,61
2853,2196,61
2854,3238,61
2855,3420,61
2856,261,76
2857,1570,76
2858,2196,76
2859,3238,76
2860,3420,76
2861,353,61
2862,772,61
2863,1736,61
2864,1834,61
2865,3239,61
2866,3553,61
2867,3828,61
2868,353,84
2869,772,84
2870,1736,84
2871,1834,84
2872,3239,84
2873,3553,84
2874,3828,84
2875,439,61
2876,558,61
2877,773,61
2878,1270,61
2879,773,76
2880,1270,76
2881,773,47
2882,1270,47
2883,994,30
2884,995,30
2885,262,75
2886,263,95
2887,2762,95
2888,3315,95
2889,264,95
2890,265,95
2891,1835,95
2892,2037,95
2893,440,32
2894,1231,21
2895,1436,21
2896,2388,21
2897,96,80
2898,1437,80
2899,2505,80
2900,97,80
2901,152,80
2902,266,80
2903,354,80
2904,441,80
2905,559,80
2906,657,80
2907,774,80
2908,812,80
2909,853,80
2910,911,80
2911,996,80
2912,1072,80
2913,1156,80
2914,1232,80
2915,1271,80
2916,1329,80
2917,1438,80
2918,1573,80
2919,1739,80
2920,2038,80
2921,2198,80
2922,2294,80
2923,2389,80
2924,2506,80
2925,2569,80
2926,2640,80
2927,2763,80
2928,2829,80
2929,2894,80
2930,2940,80
2931,3005,80
2932,3077,80
2933,3149,80
2934,3240,80
2935,3316,80
2936,3423,80
2937,3479,80
2938,3554,80
2939,3687,80
2940,3830,80
2941,3876,80
2942,3903,80
2943,4039,80
2944,355,80
2945,355,3
2946,356,80
2947,356,25
2948,357,80
2949,357,33
2950,358,80
2951,358,34
2952,267,80
2953,153,80
2954,912,62
2955,98,35
2956,560,35
2957,854,35
2958,1157,35
2959,1233,35
2960,1330,35
2961,1439,35
2962,2830,35
2963,3078,35
2964,1158,62
2965,3006,62
2966,997,62
2967,997,85
2968,1073,87
2969,1272,87
2970,2941,87
2971,3988,87
2972,998,87
2973,1440,2
2974,1441,25
2975,1159,30
2976,1273,30
2977,1234,30
2978,1274,30
2979,1160,38
2980,1074,89
2981,913,89
2982,855,78
2983,2642,78
2984,999,78
2985,914,78
2986,1161,78
2987,2390,78
2988,2898,78
2989,2942,78
2990,3079,78
2991,3152,78
2992,775,18
2993,1442,30
2994,776,4
2995,813,54
2996,1000,87
2997,1075,27
2998,3081,27
2999,915,83
3000,1331,75
3001,2507,75
3002,1235,9
3003,561,79
3004,1577,79
3005,777,8
3006,1443,87
3007,442,62
3008,1585,62
3009,1746,62
3010,3585,62
3011,442,84
3012,1585,84
3013,1746,84
3014,3585,84
3015,658,80
3016,3991,80
3017,562,92
3018,3586,92
3019,268,85
3020,916,85
3021,1076,85
3022,1236,85
3023,1332,85
3024,2508,85
3025,2899,85
3026,3083,85
3027,3154,85
3028,3689,85
3029,3905,85
3030,659,84
3031,659,87
3032,154,84
3033,269,84
3034,359,84
3035,443,84
3036,563,84
3037,660,84
3038,778,84
3039,856,84
3040,917,84
3041,1001,84
3042,1077,84
3043,1162,84
3044,1237,84
3045,1275,84
3046,1333,84
3047,1444,84
3048,1586,84
3049,1749,84
3050,1836,84
3051,2046,84
3052,2204,84
3053,2298,84
3054,2392,84
3055,2510,84
3056,2571,84
3057,2833,84
3058,2943,84
3059,3007,84
3060,3084,84
3061,3155,84
3062,3241,84
3063,3320,84
3064,3428,84
3065,3481,84
3066,3555,84
3067,3690,84
3068,3837,84
3069,3906,84
3070,779,84
3071,779,79
3072,780,84
3073,1587,84
3074,780,60
3075,1587,60
3076,814,84
3077,2052,84
3078,3430,84
3079,814,62
3080,2052,62
3081,3430,62
3082,155,84
3083,270,84
3084,99,11
3085,271,11
3086,444,11
3087,815,11
3088,1837,11
3089,2512,11
3090,3691,11
3091,3838,11
3092,4069,11
3093,1445,38
3094,1446,5
3095,857,74
3096,1002,74
3097,1078,74
3098,1163,74
3099,1238,74
3100,1276,74
3101,2393,74
3102,2643,74
3103,2834,74
3104,2900,74
3105,2944,74
3106,3008,74
3107,3085,74
3108,3156,74
3109,3431,74
3110,3692,74
3111,3907,74
3112,100,83
3113,1447,83
3114,3839,83
3115,272,37
3116,661,37
3117,1164,87
3118,1239,87
3119,1003,87
3120,781,34
3121,273,34
3122,274,34
3123,360,34
3124,816,34
3125,2206,34
3126,3556,34
3127,273,33
3128,817,51
3129,275,75
3130,818,75
3131,275,34
3132,818,34
3133,918,123
3134,2946,123
3135,819,80
3136,3993,80
3137,101,34
3138,3694,34
3139,102,34
3140,1240,123
3141,276,123
3142,662,34
3143,662,75
3144,662,65
3145,277,123
3146,858,26
3147,919,26
3148,1448,26
3149,1838,26
3150,2208,26
3151,2515,26
3152,2573,26
3153,2644,26
3154,2836,26
3155,3009,26
3156,3087,26
3157,3695,26
3158,1449,88
3159,445,16
3160,3588,16
3161,1241,93
3162,1277,93
3163,3088,93
3164,1165,124
3165,1004,124
3166,2395,124
3167,3994,124
3168,1166,65
3169,2396,65
3170,3589,65
3171,1005,65
3172,1079,65
3173,782,65
3174,361,65
3175,1079,19
3176,782,19
3177,361,19
3178,361,51
3179,920,21
3180,1167,75
3181,278,75
3182,279,75
3183,280,75
3184,281,75
3185,282,75
3186,283,75
3187,284,75
3188,285,75
3189,1080,75
3190,1242,53
3191,1006,88
3192,1007,88
3193,1008,88
3194,1009,88
3195,1007,51
3196,286,99
3197,921,104
3198,1081,104
3199,1243,104
3200,1278,104
3201,1334,104
3202,2302,104
3203,2399,104
3204,2577,104
3205,2645,104
3206,3089,104
3207,3159,104
3208,859,104
3209,1168,104
3210,2838,104
3211,2947,104
3212,1244,78
3213,783,78
3214,1590,78
3215,3484,78
3216,362,1
3217,446,1
3218,1591,1
3219,1761,1
3220,1839,1
3221,2053,1
3222,2303,1
3223,3244,1
3224,3323,1
3225,3852,1
3226,922,89
3227,1169,89
3228,922,115
3229,1010,69
3230,3160,69
3231,363,69
3232,2056,69
3233,3701,69
3234,1450,42
3235,3908,42
3236,1451,95
3237,1452,33
3238,287,11
3239,287,95
3240,103,43
3241,1170,91
3242,860,91
3243,1245,91
3244,2648,91
3245,2902,91
3246,3091,91
3247,1011,91
3248,1171,18
3249,1171,70
3250,104,111
3251,1335,74
3252,1336,105
3253,1336,87
3254,1012,88
3255,105,43
3256,288,43
3257,364,43
3258,447,43
3259,564,43
3260,784,43
3261,1172,43
3262,1764,43
3263,1840,43
3264,2057,43
3265,2210,43
3266,3247,43
3267,3324,43
3268,3854,43
3269,4011,43
3270,565,43
3271,1455,77
3272,1458,77
3273,1459,10
3274,1459,7
3275,1464,51
3276,1465,51
3277,3261,51
3278,3500,51
3279,1468,2
3280,1469,2
3281,1471,73
3282,1472,73
3283,1471,79
3284,1472,79
3285,1472,76
3286,1477,104
3287,1478,104
3288,1477,105
3289,1478,105
3290,1479,104
3291,1480,104
3292,1479,88
3293,1483,47
3294,2101,47
3295,1484,47
3296,2677,47
3297,1486,75
3298,1486,84
3299,1487,14
3300,2243,14
3301,3279,14
3302,3741,14
3303,1489,105
3304,1490,105
3305,1489,73
3306,1489,79
3307,1490,77
3308,1492,105
3309,2113,105
3310,3200,105
3311,3356,105
3312,1492,73
3313,2113,73
3314,3200,73
3315,3356,73
3316,1493,105
3317,3357,105
3318,1493,76
3319,3357,76
3320,1495,105
3321,1495,73
3322,1495,79
3323,1496,105
3324,3360,105
3325,3520,105
3326,3750,105
3327,1497,105
3328,1497,88
3329,1498,105
3330,3361,105
3331,1499,105
3332,1805,105
3333,1498,77
3334,3361,77
3335,1499,77
3336,1805,77
3337,1500,105
3338,3362,105
3339,1500,76
3340,3362,76
3341,1501,105
3342,1502,105
3343,1501,87
3344,1503,4
3345,1503,18
3346,1505,105
3347,1505,88
3348,1507,82
3349,1507,69
3350,1509,4
3351,1509,82
3352,1510,70
3353,1512,77
3354,2139,77
3355,2256,77
3356,1515,77
3357,1515,78
3358,1517,36
3359,1520,118
3360,1521,118
3361,1522,65
3362,1522,61
3363,1523,58
3364,1525,64
3365,1526,64
3366,1527,64
3367,1528,64
3368,1529,64
3369,1525,65
3370,1531,58
3371,1533,58
3372,1534,58
3373,1535,81
3374,1537,48
3375,1537,26
3376,1540,25
3377,1542,25
3378,1540,94
3379,1544,13
3380,3224,13
3381,1544,108
3382,3224,108
3383,1546,74
3384,1701,74
3385,1997,74
3386,2166,74
3387,3815,74
3388,1547,74
3389,1548,74
3390,1547,105
3391,1548,105
3392,1549,74
3393,1550,74
3394,1549,77
3395,1550,77
3396,1551,74
3397,1552,74
3398,1551,94
3399,1553,55
3400,1556,4
3401,1556,77
3402,1560,76
3403,3232,76
3404,1560,78
3405,3232,78
3406,1562,1
3407,3234,1
3408,1563,1
3409,1564,1
3410,2188,1
3411,3235,1
3412,3419,1
3413,1565,1
3414,1562,5
3415,3234,5
3416,1567,62
3417,1567,61
3418,1567,47
3419,1571,61
3420,1571,62
3421,1572,61
3422,1572,78
3423,1572,76
3424,1574,80
3425,1575,80
3426,1576,80
3427,1741,80
3428,1575,78
3429,1578,79
3430,1578,83
3431,1579,79
3432,1579,77
3433,1580,79
3434,1580,73
3435,1581,79
3436,1581,77
3437,1582,79
3438,1582,61
3439,1583,62
3440,1744,62
3441,1584,62
3442,2041,62
3443,1584,60
3444,2041,60
3445,1588,34
3446,1589,34
3447,1592,1
3448,1592,25
3449,1598,79
3450,1599,30
3451,1602,3
3452,1603,3
3453,1608,51
3454,1608,52
3455,1609,30
3456,1610,3
3457,1610,30
3458,1612,2
3459,1613,92
3460,3264,92
3461,1614,92
3462,1618,74
3463,1619,74
3464,1620,74
3465,1621,74
3466,1622,74
3467,1623,74
3468,1624,74
3469,1618,79
3470,1619,79
3471,1620,79
3472,1621,79
3473,1622,79
3474,1623,79
3475,1624,79
3476,1626,7
3477,1628,60
3478,1632,47
3479,2097,47
3480,2236,47
3481,1632,48
3482,2097,48
3483,2236,48
3484,1634,47
3485,1634,52
3486,1635,47
3487,2238,47
3488,3192,47
3489,3277,47
3490,3514,47
3491,1637,47
3492,1635,25
3493,2238,25
3494,3192,25
3495,3277,25
3496,3514,25
3497,1638,75
3498,2442,75
3499,3455,75
3500,1640,14
3501,1642,25
3502,1644,105
3503,1646,105
3504,1644,83
3505,1646,74
3506,1647,105
3507,2111,105
3508,2681,105
3509,3198,105
3510,1647,77
3511,2111,77
3512,2681,77
3513,3198,77
3514,1648,105
3515,1648,74
3516,1649,105
3517,2112,105
3518,2683,105
3519,1649,76
3520,2112,76
3521,2683,76
3522,1650,105
3523,1651,105
3524,1650,74
3525,1651,74
3526,1654,88
3527,1655,88
3528,1656,88
3529,1657,88
3530,1658,88
3531,1659,88
3532,1660,88
3533,1661,88
3534,1654,105
3535,1655,74
3536,1656,74
3537,1657,74
3538,1658,74
3539,1659,74
3540,1664,82
3541,1667,77
3542,1668,77
3543,1669,77
3544,1670,77
3545,1671,77
3546,1672,77
3547,1674,77
3548,1675,77
3549,1676,77
3550,1677,77
3551,1678,77
3552,1679,77
3553,1680,77
3554,1667,74
3555,1668,74
3556,1669,74
3557,1670,74
3558,1671,74
3559,1672,74
3560,1674,74
3561,1675,74
3562,1676,74
3563,1677,74
3564,1678,74
3565,1679,74
3566,1682,118
3567,1683,118
3568,1684,118
3569,1682,74
3570,1683,74
3571,1684,74
3572,1685,62
3573,1687,58
3574,1974,58
3575,1688,58
3576,1975,58
3577,1689,58
3578,1687,74
3579,1974,74
3580,1688,74
3581,1975,74
3582,1689,74
3583,1696,25
3584,3809,25
3585,1697,25
3586,1698,13
3587,1698,14
3588,1700,30
3589,1703,94
3590,2000,94
3591,1704,94
3592,2001,94
3593,1705,94
3594,1706,94
3595,1707,94
3596,1708,94
3597,1709,94
3598,1703,74
3599,2000,74
3600,1704,74
3601,2001,74
3602,1705,74
3603,1706,74
3604,1707,74
3605,1708,74
3606,1714,76
3607,1715,76
3608,2014,76
3609,1716,76
3610,2015,76
3611,1717,76
3612,1719,76
3613,1720,76
3614,1721,76
3615,1714,47
3616,1715,74
3617,2014,74
3618,1716,74
3619,2015,74
3620,1717,74
3621,1719,74
3622,1720,74
3623,1721,74
3624,1724,1
3625,2185,1
3626,1726,1
3627,1727,1
3628,1724,76
3629,2185,76
3630,1728,30
3631,1729,3
3632,1730,61
3633,2027,61
3634,1731,61
3635,2028,61
3636,1733,61
3637,1734,61
3638,1735,61
3639,1737,61
3640,3421,61
3641,1738,61
3642,1730,74
3643,2027,74
3644,1731,74
3645,2028,74
3646,1733,74
3647,1734,74
3648,1735,74
3649,1737,74
3650,3421,74
3651,1740,80
3652,1742,80
3653,1740,36
3654,1743,78
3655,3424,78
3656,1745,62
3657,1747,62
3658,1748,62
3659,1745,61
3660,1750,84
3661,1751,84
3662,1750,76
3663,1752,104
3664,1753,104
3665,1754,104
3666,1755,104
3667,1756,104
3668,1757,104
3669,2516,104
3670,1758,104
3671,1759,104
3672,1760,104
3673,1752,105
3674,1754,74
3675,1755,74
3676,1756,74
3677,1758,74
3678,1759,74
3679,1762,42
3680,1763,30
3681,1765,20
3682,2402,20
3683,3937,20
3684,1766,20
3685,1767,30
3686,1771,51
3687,1772,51
3688,1773,51
3689,1774,51
3690,1771,52
3691,1772,52
3692,1773,52
3693,1774,52
3694,1771,50
3695,1772,77
3696,1773,47
3697,1774,61
3698,1776,50
3699,1777,50
3700,1778,50
3701,1776,77
3702,1777,61
3703,1778,84
3704,1779,83
3705,1780,83
3706,1781,83
3707,1782,83
3708,1783,83
3709,1784,83
3710,1780,50
3711,1781,77
3712,1782,47
3713,1783,61
3714,1784,84
3715,1786,2
3716,1786,25
3717,1790,77
3718,1791,77
3719,1792,77
3720,1793,77
3721,1796,47
3722,1791,47
3723,1792,61
3724,1793,84
3725,1796,84
3726,1797,14
3727,1799,105
3728,1800,105
3729,1801,105
3730,1803,105
3731,1804,105
3732,1806,105
3733,1799,73
3734,1803,73
3735,1804,74
3736,1808,70
3737,1813,77
3738,1814,77
3739,1815,77
3740,1813,73
3741,1814,105
3742,1815,105
3743,1818,117
3744,1822,13
3745,1824,13
3746,1825,13
3747,1822,95
3748,1825,108
3749,1832,30
3750,1832,34
3751,1842,27
3752,2582,27
3753,3248,27
3754,1844,20
3755,1844,101
3756,1849,77
3757,1850,77
3758,1849,83
3759,1850,79
3760,1853,5
3761,3332,5
3762,3939,5
3763,1857,42
3764,1861,83
3765,1862,83
3766,1863,83
3767,1864,83
3768,1865,83
3769,1866,83
3770,1867,83
3771,1868,83
3772,1869,83
3773,1870,83
3774,1871,83
3775,1872,83
3776,1873,83
3777,1874,83
3778,1875,83
3779,1876,83
3780,3722,83
3781,1877,83
3782,3723,83
3783,1878,83
3784,1861,77
3785,1862,79
3786,1863,74
3787,1864,87
3788,1865,60
3789,1866,79
3790,1867,88
3791,1868,74
3792,1869,74
3793,1871,64
3794,1874,58
3795,1875,94
3796,1876,76
3797,3722,76
3798,1877,61
3799,3723,61
3800,1878,84
3801,1882,83
3802,1884,83
3803,1882,79
3804,1884,79
3805,1882,77
3806,1884,77
3807,1886,87
3808,1887,87
3809,1888,87
3810,1889,87
3811,1890,87
3812,1891,87
3813,1887,51
3814,1888,95
3815,1889,83
3816,1890,94
3817,1891,61
3818,1893,7
3819,1894,7
3820,1893,14
3821,1896,60
3822,1897,37
3823,1898,37
3824,1900,79
3825,1901,79
3826,1902,79
3827,1901,77
3828,1902,77
3829,1905,70
3830,1905,69
3831,1908,79
3832,1910,88
3833,1910,87
3834,1911,55
3835,1912,7
3836,1911,110
3837,1914,74
3838,1915,74
3839,1916,74
3840,1917,74
3841,1918,74
3842,1919,74
3843,1920,74
3844,1921,74
3845,1922,74
3846,3370,74
3847,1923,74
3848,1924,74
3849,1914,77
3850,1915,77
3851,1916,83
3852,1917,83
3853,1918,87
3854,1919,60
3855,1920,79
3856,1921,88
3857,1923,83
3858,1924,83
3859,1925,95
3860,1927,82
3861,1930,4
3862,1927,117
3863,1933,74
3864,1934,74
3865,1935,74
3866,1936,74
3867,1937,74
3868,1938,74
3869,1939,74
3870,1940,74
3871,1941,74
3872,1942,74
3873,1933,77
3874,1934,77
3875,1935,83
3876,1936,83
3877,1937,87
3878,1938,60
3879,1939,79
3880,1940,88
3881,1941,83
3882,1942,83
3883,1943,83
3884,2134,83
3885,1944,83
3886,1945,83
3887,1946,83
3888,1947,83
3889,1948,83
3890,1949,83
3891,1950,83
3892,1951,83
3893,1952,83
3894,1944,77
3895,1945,77
3896,1948,87
3897,1949,60
3898,1950,79
3899,1951,88
3900,1956,64
3901,1957,64
3902,1956,74
3903,1957,83
3904,1958,83
3905,1959,83
3906,1960,83
3907,1961,83
3908,1959,74
3909,1960,74
3910,1963,83
3911,1964,83
3912,1965,83
3913,1966,83
3914,1967,83
3915,1968,83
3916,1969,83
3917,1970,83
3918,1971,83
3919,1963,77
3920,1964,77
3921,1967,60
3922,1968,79
3923,1969,88
3924,1970,64
3925,1973,58
3926,2267,58
3927,3218,58
3928,3399,58
3929,1976,58
3930,1977,58
3931,1978,58
3932,1973,60
3933,2267,60
3934,3218,60
3935,3399,60
3936,1976,83
3937,1977,64
3938,1978,83
3939,1980,117
3940,1982,1
3941,2156,1
3942,1989,25
3943,1991,13
3944,1991,108
3945,1992,87
3946,1993,87
3947,1993,84
3948,1995,2
3949,1996,30
3950,1995,31
3951,1996,3
3952,1999,94
3953,2002,94
3954,2003,94
3955,2004,94
3956,2005,94
3957,2006,94
3958,2007,94
3959,1999,83
3960,2002,83
3961,2003,83
3962,2004,74
3963,2005,74
3964,2006,83
3965,2007,83
3966,2010,117
3967,2011,37
3968,3229,37
3969,2016,76
3970,2017,76
3971,2016,83
3972,2017,83
3973,2020,1
3974,2021,1
3975,2186,1
3976,3418,1
3977,3548,1
3978,2023,1
3979,2026,61
3980,2029,61
3981,2030,61
3982,2026,88
3983,2029,83
3984,2030,83
3985,2031,94
3986,3683,94
3987,2032,94
3988,2033,94
3989,2034,94
3990,2035,94
3991,2036,94
3992,2032,83
3993,2033,74
3994,2034,74
3995,2035,83
3996,2036,83
3997,2039,88
3998,2040,62
3999,2042,62
4000,2043,62
4001,2044,62
4002,2045,62
4003,2040,83
4004,2042,74
4005,2043,74
4006,2044,83
4007,2045,83
4008,2047,84
4009,2048,84
4010,2049,84
4011,2050,84
4012,2051,84
4013,2047,74
4014,2048,74
4015,2049,83
4016,2050,83
4017,2051,61
4018,2054,30
4019,2054,37
4020,2055,69
4021,2059,38
4022,2060,38
4023,2061,38
4024,2061,51
4025,2063,83
4026,2064,83
4027,2065,83
4028,2066,83
4029,2064,105
4030,2065,77
4031,2072,77
4032,2073,77
4033,2072,83
4034,2073,82
4035,2075,103
4036,2077,68
4037,2077,70
4038,2077,95
4039,2079,3
4040,2080,3
4041,2083,30
4042,2079,30
4043,2080,30
4044,2085,102
4045,2088,79
4046,3448,79
4047,2089,79
4048,2091,79
4049,2089,76
4050,2091,105
4051,2093,7
4052,2228,7
4053,2098,47
4054,2099,47
4055,2239,47
4056,2100,47
4057,2676,47
4058,2102,47
4059,2099,76
4060,2239,76
4061,2106,14
4062,2242,14
4063,2106,11
4064,2242,11
4065,2110,105
4066,2114,105
4067,2110,83
4068,2115,3
4069,2119,88
4070,2119,83
4071,2120,55
4072,2121,25
4073,3203,25
4074,3283,25
4075,3367,25
4076,3523,25
4077,2120,56
4078,2120,52
4079,2122,33
4080,2452,33
4081,2614,33
4082,3284,33
4083,3577,33
4084,4003,33
4085,2124,74
4086,2125,74
4087,2126,74
4088,2124,77
4089,2125,88
4090,2126,76
4091,2130,82
4092,2132,74
4093,2132,77
4094,2133,35
4095,2135,83
4096,2135,77
4097,2137,77
4098,2138,77
4099,2143,77
4100,2137,83
4101,2138,83
4102,2143,105
4103,2144,50
4104,2145,50
4105,2147,88
4106,2148,64
4107,2149,64
4108,2148,83
4109,2151,58
4110,2152,58
4111,2160,30
4112,2161,2
4113,2161,30
4114,2164,83
4115,2165,74
4116,2167,74
4117,2168,74
4118,2170,94
4119,2171,94
4120,3228,94
4121,2171,76
4122,3228,76
4123,2181,76
4124,2751,76
4125,2187,1
4126,2189,1
4127,2181,80
4128,2751,80
4129,2193,61
4130,2193,83
4131,2197,95
4132,2199,80
4133,2199,36
4134,2200,78
4135,2201,78
4136,2200,79
4137,2201,76
4138,2202,74
4139,2203,83
4140,2205,74
4141,2202,83
4142,2205,88
4143,2207,37
4144,2209,78
4145,2211,56
4146,2211,55
4147,2211,52
4148,2214,77
4149,2215,77
4150,2221,51
4151,2223,2
4152,2224,2
4153,2225,2
4154,2223,3
4155,2223,30
4156,2225,106
4157,2229,7
4158,2230,60
4159,2230,62
4160,2232,77
4161,2233,87
4162,2234,3
4163,4002,3
4164,2241,47
4165,2241,48
4166,2241,55
4167,2245,14
4168,2245,94
4169,2247,18
4170,2253,77
4171,2255,77
4172,2255,47
4173,2260,82
4174,2260,70
4175,2261,87
4176,2262,58
4177,2264,74
4178,2265,74
4179,2265,77
4180,2269,74
4181,2274,25
4182,2274,52
4183,2277,23
4184,3305,23
4185,3407,23
4186,2278,13
4187,2279,3
4188,2281,94
4189,3541,94
4190,2282,94
4191,2285,76
4192,2285,74
4193,2288,82
4194,2288,70
4195,2291,1
4196,2293,61
4197,2295,13
4198,2296,84
4199,3318,84
4200,2297,62
4201,2299,84
4202,2300,84
4203,2301,84
4204,2307,83
4205,2308,83
4206,2771,83
4207,2295,108
4208,2296,61
4209,3318,61
4210,2311,25
4211,2313,100
4212,2314,83
4213,2315,74
4214,2316,83
4215,2320,1
4216,2322,110
4217,2323,112
4218,2326,47
4219,2329,25
4220,2332,11
4221,3187,11
4222,3616,11
4223,2333,114
4224,3112,114
4225,2334,114
4226,2335,87
4227,2338,95
4228,3114,95
4229,3621,95
4230,3734,95
4231,2339,4
4232,2970,4
4233,2340,4
4234,2344,21
4235,2922,21
4236,2973,21
4237,2346,95
4238,2348,116
4239,2340,5
4240,2349,88
4241,2545,88
4242,2350,88
4243,2353,91
4244,2354,82
4245,2548,82
4246,3641,82
4247,2350,87
4248,2354,113
4249,2548,113
4250,3641,113
4251,2357,35
4252,2361,113
4253,2362,112
4254,2364,74
4255,2367,60
4256,2374,87
4257,2376,3
4258,2378,94
4259,2379,94
4260,2381,51
4261,2382,104
4262,2378,75
4263,2379,37
4264,2387,61
4265,2391,74
4266,3082,74
4267,3153,74
4268,2394,37
4269,3158,37
4270,2387,47
4271,2397,33
4272,2398,53
4273,2400,83
4274,2404,30
4275,2405,74
4276,2407,43
4277,2408,43
4278,2410,30
4279,2411,74
4280,2413,68
4281,2416,55
4282,2420,69
4283,2413,70
4284,2424,102
4285,2428,8
4286,2430,114
4287,2435,87
4288,2436,25
4289,2424,17
4290,2438,3
4291,2439,48
4292,2440,62
4293,2446,47
4294,2447,83
4295,3634,83
4296,3855,83
4297,2451,25
4298,2455,3
4299,2458,83
4300,2981,83
4301,2459,30
4302,2461,77
4303,2462,30
4304,2463,83
4305,2554,83
4306,2626,83
4307,2451,26
4308,2455,30
4309,2461,76
4310,2465,111
4311,2466,30
4312,2467,112
4313,3654,112
4314,2468,95
4315,2469,74
4316,2470,74
4317,2475,83
4318,2477,74
4319,2480,52
4320,2483,25
4321,2488,30
4322,2492,74
4323,2483,7
4324,2495,33
4325,2500,38
4326,2501,3
4327,4010,3
4328,2502,61
4329,2502,47
4330,2509,58
4331,2511,11
4332,3933,11
4333,3992,11
4334,4024,11
4335,2513,38
4336,2514,74
4337,2517,93
4338,2514,83
4339,2523,104
4340,2524,36
4341,2525,1
4342,2528,30
4343,2530,1
4344,2532,80
4345,2523,88
4346,2539,4
4347,2604,4
4348,2796,4
4349,3453,4
4350,3623,4
4351,2541,14
4352,2547,91
4353,2549,70
4354,2550,83
4355,2555,87
4356,2558,85
4357,2628,85
4358,2561,13
4359,2562,3
4360,2563,94
4361,2564,28
4362,4055,28
4363,2566,82
4364,2637,82
4365,3416,82
4366,3823,82
4367,2561,108
4368,2570,70
4369,2572,11
4370,2574,51
4371,2575,17
4372,2576,11
4373,2578,104
4374,3016,104
4375,2579,93
4376,2580,73
4377,2585,38
4378,2592,17
4379,2595,83
4380,2596,83
4381,2608,112
4382,2619,61
4383,2621,33
4384,2619,47
4385,2622,111
4386,2623,74
4387,2624,51
4388,2625,61
4389,2630,124
4390,3925,124
4391,2634,77
4392,3814,77
4393,2638,1
4394,2639,61
4395,2641,89
4396,2646,74
4397,2647,83
4398,2650,30
4399,2652,55
4400,2638,5
4401,2653,93
4402,2655,2
4403,2660,50
4404,2661,50
4405,2662,50
4406,2663,50
4407,2664,50
4408,2665,50
4409,2666,50
4410,2668,52
4411,2671,95
4412,2653,76
4413,2655,31
4414,2661,82
4415,2662,77
4416,2663,61
4417,2664,80
4418,2673,47
4419,2674,47
4420,2680,105
4421,2682,105
4422,2684,105
4423,2685,105
4424,2686,105
4425,2687,105
4426,2673,77
4427,2674,64
4428,2680,88
4429,2682,25
4430,2684,61
4431,2685,80
4432,2689,70
4433,2690,70
4434,2691,70
4435,2692,76
4436,2693,76
4437,2694,76
4438,2696,49
4439,2697,49
4440,2699,79
4441,2689,82
4442,2691,82
4443,2701,82
4444,3773,82
4445,2702,82
4446,2703,82
4447,2705,82
4448,2706,82
4449,2707,82
4450,2708,82
4451,2709,61
4452,2701,47
4453,3773,47
4454,2702,70
4455,2703,77
4456,2705,61
4457,2706,80
4458,2715,77
4459,2716,77
4460,2717,77
4461,2718,96
4462,2719,95
4463,2721,118
4464,2722,118
4465,2723,118
4466,2724,118
4467,2725,118
4468,2726,118
4469,2715,80
4470,2721,70
4471,2722,64
4472,2728,99
4473,2730,58
4474,2732,3
4475,2734,25
4476,2736,25
4477,2738,25
4478,2740,13
4479,2734,5
4480,2736,49
4481,2738,80
4482,2744,3
4483,2748,76
4484,2749,76
4485,2752,76
4486,2753,76
4487,2756,1
4488,2759,61
4489,2760,61
4490,2761,61
4491,2744,30
4492,2748,88
4493,2749,64
4494,2759,80
4495,2764,80
4496,2765,80
4497,2766,83
4498,2767,83
4499,2768,83
4500,2769,99
4501,2774,90
4502,2778,83
4503,2781,88
4504,2784,116
4505,2786,88
4506,2790,73
4507,2794,60
4508,2806,75
4509,2808,115
4510,2809,83
4511,3579,83
4512,2808,89
4513,2810,95
4514,2986,95
4515,2817,85
4516,2818,83
4517,2822,83
4518,2826,76
4519,2826,78
4520,2831,83
4521,2832,89
4522,2835,37
4523,2837,93
4524,2839,69
4525,3246,69
4526,2840,95
4527,2841,91
4528,2843,79
4529,2846,36
4530,2854,87
4531,2858,60
4532,2843,84
4533,2861,33
4534,2862,87
4535,2873,30
4536,2875,115
4537,3057,115
4538,2882,11
4539,2873,51
4540,2884,124
4541,2893,74
4542,2895,62
4543,2896,87
4544,2897,57
4545,2901,123
4546,2908,87
4547,2912,79
4548,2901,89
4549,2914,75
4550,2917,7
4551,2945,75
4552,3157,75
4553,2949,104
4554,2954,75
4555,3024,75
4556,2959,83
4557,2967,60
4558,2969,85
4559,2980,91
4560,2984,75
4561,2988,8
4562,2989,30
4563,2990,94
4564,2992,83
4565,2997,13
4566,2999,51
4567,3001,94
4568,3010,75
4569,3011,75
4570,3012,75
4571,3013,75
4572,3014,75
4573,3015,75
4574,3017,104
4575,3018,75
4576,3019,69
4577,3245,69
4578,3021,83
4579,3022,74
4580,3022,79
4581,3022,77
4582,3030,23
4583,3035,73
4584,3040,62
4585,3042,75
4586,3053,4
4587,3058,113
4588,3059,113
4589,3061,86
4590,3064,87
4591,3977,87
4592,4033,87
4593,3067,87
4594,3068,75
4595,3080,57
4596,3086,123
4597,3061,87
4598,3090,89
4599,3095,68
4600,3100,98
4601,3123,87
4602,3127,4
4603,3128,4
4604,3463,4
4605,3162,34
4606,3134,83
4607,3139,19
4608,3142,98
4609,3144,124
4610,3145,66
4611,3150,110
4612,3151,37
4613,3163,74
4614,3161,105
4615,3164,56
4616,3165,56
4617,3167,92
4618,3164,52
4619,3165,52
4620,3165,47
4621,3170,68
4622,3176,52
4623,3177,52
4624,3180,2
4625,3182,83
4626,3183,83
4627,3719,83
4628,3184,83
4629,3176,47
4630,3177,83
4631,3182,52
4632,3183,77
4633,3719,77
4634,3189,87
4635,3190,83
4636,3194,47
4637,3195,75
4638,3204,24
4639,3460,24
4640,3207,65
4641,3212,83
4642,3215,83
4643,3225,74
4644,3816,74
4645,3212,77
4646,3227,94
4647,3231,76
4648,3236,1
4649,3242,84
4650,3243,16
4651,3227,83
4652,3231,74
4653,3243,68
4654,3249,80
4655,3250,20
4656,3253,13
4657,3260,52
4658,3265,16
4659,3340,16
4660,3265,103
4661,3340,103
4662,3268,16
4663,3270,7
4664,3271,60
4665,3273,3
4666,3276,47
4667,3280,14
4668,3281,70
4669,3286,33
4670,3276,82
4671,3280,11
4672,3281,51
4673,3289,82
4674,3290,82
4675,3292,30
4676,3295,118
4677,3296,118
4678,3301,25
4679,3302,25
4680,3303,13
4681,3304,13
4682,3317,80
4683,3295,55
4684,3296,54
4685,3301,26
4686,3304,108
4687,3319,62
4688,3321,34
4689,3482,34
4690,3322,70
4691,3328,11
4692,3330,77
4693,3337,51
4694,3319,84
4695,3319,60
4696,3337,74
4697,3343,7
4698,3344,77
4699,3353,105
4700,3354,105
4701,3358,105
4702,3365,70
4703,3366,4
4704,3353,74
4705,3354,74
4706,3358,74
4707,3369,74
4708,3371,74
4709,3372,74
4710,3373,74
4711,3374,74
4712,3378,74
4713,3379,74
4714,3380,74
4715,3381,74
4716,3382,74
4717,3383,74
4718,3369,105
4719,3373,61
4720,3378,105
4721,3381,61
4722,3385,92
4723,3387,82
4724,3388,24
4725,3390,74
4726,3391,74
4727,3392,74
4728,3393,74
4729,3394,74
4730,3390,105
4731,3392,61
4732,3395,86
4733,3396,86
4734,3397,86
4735,3400,58
4736,3401,82
4737,3403,28
4738,3406,87
4739,3408,31
4740,3410,74
4741,3395,87
4742,3396,87
4743,3397,87
4744,3396,61
4745,3397,105
4746,3400,61
4747,3403,26
4748,3406,86
4749,3422,74
4750,3425,78
4751,3426,84
4752,3427,92
4753,3429,84
4754,3432,74
4755,3433,74
4756,3434,74
4757,3429,75
4758,3432,105
4759,3435,69
4760,3464,30
4761,3480,78
4762,3483,34
4763,3485,93
4764,3488,20
4765,3480,84
4766,3485,88
4767,3493,50
4768,3496,52
4769,3497,52
4770,4064,52
4771,3498,52
4772,3499,52
4773,3493,110
4774,3496,74
4775,3501,102
4776,3504,2
4777,3506,11
4778,3508,7
4779,3511,60
4780,3517,14
4781,3518,14
4782,3501,122
4783,3521,70
4784,3522,88
4785,3526,115
4786,3527,115
4787,3528,115
4788,3533,58
4789,3543,32
4790,3546,30
4791,3527,89
4792,3549,1
4793,3550,1
4794,3557,104
4795,3558,42
4796,3560,38
4797,3561,45
4798,3563,68
4799,3565,30
4800,3566,51
4801,3567,102
4802,3568,69
4803,3566,58
4804,3568,70
4805,3567,17
4806,3570,51
4807,4001,51
4808,3575,38
4809,3576,33
4810,3578,37
4811,3583,37
4812,3584,6
4813,3575,51
4814,3576,51
4815,3587,34
4816,3590,105
4817,3592,79
4818,3602,102
4819,3606,94
4820,3607,74
4821,3608,58
4822,3610,87
4823,3611,87
4824,3612,87
4825,3602,19
4826,3607,79
4827,3607,77
4828,3613,94
4829,3614,3
4830,3951,3
4831,3619,98
4832,3627,111
4833,3628,24
4834,3631,70
4835,3632,1
4836,3635,34
4837,3644,70
4838,3645,61
4839,3646,2
4840,3647,75
4841,3648,35
4842,3649,75
4843,3651,74
4844,3644,65
4845,3652,53
4846,3656,64
4847,3658,94
4848,3659,74
4849,3663,7
4850,3665,83
4851,3670,13
4852,3671,87
4853,3676,124
4854,3656,51
4855,3670,108
4856,3677,64
4857,3684,35
4858,3685,75
4859,3686,57
4860,3688,48
4861,3693,75
4862,3696,16
4863,3697,56
4864,3698,75
4865,3699,78
4866,3677,79
4867,3700,79
4868,3704,56
4869,3705,87
4870,3709,3
4871,3716,83
4872,3717,83
4873,3718,83
4874,3720,83
4875,3721,83
4876,3724,83
4877,3704,55
4878,3704,25
4879,3705,54
4880,3716,88
4881,3720,74
4882,3721,25
4883,3728,60
4884,3729,60
4885,3730,60
4886,3735,104
4887,3736,4
4888,3736,70
4889,3728,83
4890,3729,58
4891,3730,80
4892,3740,47
4893,3744,105
4894,3745,105
4895,3746,105
4896,3748,105
4897,3740,61
4898,3740,64
4899,3744,83
4900,3745,83
4901,3746,83
4902,3748,83
4903,3752,88
4904,3753,88
4905,3754,88
4906,3756,88
4907,3758,93
4908,3752,76
4909,3753,84
4910,3754,104
4911,3756,87
4912,3758,105
4913,3760,83
4914,3761,83
4915,3762,83
4916,3763,83
4917,3764,83
4918,3765,83
4919,3766,83
4920,3767,83
4921,3768,83
4922,3769,83
4923,3770,83
4924,3771,83
4925,3760,7
4926,3761,88
4927,3762,82
4928,3764,77
4929,3765,74
4930,3766,25
4931,3767,76
4932,3768,61
4933,3770,104
4934,3771,74
4935,3775,83
4936,3776,83
4937,3777,83
4938,3778,83
4939,3779,83
4940,3780,83
4941,3781,83
4942,3782,83
4943,3783,83
4944,3784,83
4945,3785,83
4946,3775,7
4947,3776,88
4948,3777,82
4949,3778,77
4950,3779,74
4951,3780,25
4952,3781,76
4953,3782,61
4954,3784,104
4955,3785,74
4956,3790,77
4957,3798,74
4958,3799,52
4959,3800,52
4960,3801,52
4961,3802,52
4962,3803,52
4963,3805,54
4964,3806,54
4965,3790,76
4966,3790,61
4967,3798,76
4968,3799,83
4969,3800,83
4970,3801,111
4971,3802,53
4972,3803,83
4973,3805,95
4974,3810,25
4975,3813,87
4976,3819,66
4977,3829,61
4978,3831,80
4979,3832,80
4980,3833,80
4981,3834,80
4982,3835,80
4983,3836,80
4984,3810,28
4985,3810,26
4986,3810,47
4987,3819,64
4988,3829,64
4989,3829,52
4990,3831,83
4991,3832,83
4992,3833,83
4993,3834,74
4994,3835,52
4995,3836,83
4996,3840,83
4997,3841,83
4998,3842,83
4999,3843,83
5000,3844,83
5001,3845,83
5002,3846,83
5003,3847,83
5004,3848,83
5005,3849,83
5006,3840,7
5007,3841,88
5008,3842,82
5009,3843,77
5010,3844,74
5011,3845,25
5012,3846,76
5013,3847,61
5014,3848,104
5015,3849,74
5016,3850,34
5017,3851,104
5018,3853,1
5019,3856,21
5020,3871,21
5021,3851,83
5022,3856,95
5023,3871,95
5024,3858,87
5025,3859,55
5026,3860,123
5027,3861,33
5028,3862,7
5029,3863,24
5030,3866,102
5031,3862,95
5032,3868,87
5033,3869,95
5034,3872,21
5035,3873,118
5036,3874,52
5037,3877,12
5038,3878,80
5039,3874,53
5040,3881,30
5041,3882,37
5042,3888,95
5043,3891,56
5044,3895,64
5045,3897,56
5046,3900,94
5047,3902,111
5048,3904,56
5049,3888,96
5050,3915,51
5051,3949,80
5052,3917,7
5053,4027,7
5054,3955,80
5055,3957,80
5056,3958,33
5057,3920,51
5058,3959,54
5059,4016,54
5060,4030,115
5061,3964,80
5062,4034,90
5063,3969,59
5064,3972,80
5065,4036,68
5066,3975,53
5067,3979,30
5068,3929,7
5069,3982,87
5070,3983,24
5071,3930,11
5072,4022,11
5073,3982,11
5074,3930,9
5075,3985,87
5076,3932,114
5077,3989,88
5078,3990,80
5079,4023,87
5080,4025,11
5081,4047,103
5082,3989,107
5083,4049,21
5084,4050,13
5085,4051,24
5086,4062,11
5087,4065,52
5088,4066,52
5089,4066,87
